word,rank,neighbor,score
dobiti,1.0,dobijati,0.8807474970817566
dobiti,2.0,pobiti,0.8539547920227051
dobiti,3.0,dobit,0.8488765358924866
dobiti,4.0,dobiće,0.8477775454521179
dobiti,5.0,dobrobiti,0.8395842909812927
dobiti,6.0,dobićeš,0.8227603435516357
dobiti,7.0,dobićete,0.8153621554374695
dobiti,8.0,dobi,0.8148736357688904
dobiti,9.0,dobićemo,0.8129636645317078
dobiti,10.0,dobijaš,0.8082732558250427
ubiti,1.0,pobiti,0.8659234046936035
ubiti,2.0,gubiti,0.8490028381347656
ubiti,3.0,odbiti,0.8488712310791016
ubiti,4.0,izgubiti,0.8444902300834656
ubiti,5.0,ubijati,0.8439330458641052
ubiti,6.0,„biti,0.8395057320594788
ubiti,7.0,uhvatiti,0.8389145135879517
ubiti,8.0,kiti,0.8367948532104492
ubiti,9.0,zarobiti,0.8341698050498962
ubiti,10.0,razbiti,0.8308112621307373
odbiti,1.0,pobiti,0.8791874647140503
odbiti,2.0,odložiti,0.8743407130241394
odbiti,3.0,razbiti,0.8617426753044128
odbiti,4.0,odlučiti,0.8611374497413635
odbiti,5.0,uputiti,0.8584483861923218
odbiti,6.0,narušiti,0.8580898642539978
odbiti,7.0,uhvatiti,0.8574456572532654
odbiti,8.0,odbaciti,0.8572949767112732
odbiti,9.0,izvlačiti,0.8527800440788269
odbiti,10.0,srušiti,0.8489034175872803
izbiti,,,
razbiti,1.0,pobiti,0.886501133441925
razbiti,2.0,odbiti,0.8617426753044128
razbiti,3.0,probiti,0.8593407273292542
razbiti,4.0,srušiti,0.849696695804596
razbiti,5.0,oslabiti,0.8467291593551636
razbiti,6.0,izvaditi,0.8466755151748657
razbiti,7.0,razrešiti,0.8463066816329956
razbiti,8.0,zarobiti,0.8450028896331787
razbiti,9.0,razbije,0.8438654541969299
razbiti,10.0,razdvojiti,0.8438565731048584
izgledati,1.0,gledati,0.8952133059501648
izgledati,2.0,sagledati,0.8898263573646545
izgledati,3.0,izgleda,0.8890072107315063
izgledati,4.0,izgledao,0.8858230113983154
izgledati,5.0,ugledati,0.8779820799827576
izgledati,6.0,izgledaju,0.8741575479507446
izgledati,7.0,izgledali,0.8683795928955078
izgledati,8.0,izgledalo,0.8583914041519165
izgledati,9.0,nadgledati,0.851934015750885
izgledati,10.0,izgledala,0.8456732630729675
ugledati,1.0,gledati,0.9276444911956787
ugledati,2.0,sagledati,0.92673659324646
ugledati,3.0,nadgledati,0.893980860710144
ugledati,4.0,izgledati,0.8779820799827576
ugledati,5.0,ugledamo,0.8775469064712524
ugledati,6.0,pogledati,0.8749486207962036
ugledati,7.0,ugleda,0.8487221598625183
ugledati,8.0,ugledao,0.8460075855255127
ugledati,9.0,ugledan,0.8405303955078125
ugledati,10.0,ugledali,0.8302520513534546
zagledati,,,
pregledati,1.0,pregleda,0.9242892265319824
pregledati,2.0,pregledam,0.9229124784469604
pregledati,3.0,pregledače,0.9191672801971436
pregledati,4.0,pregledaču,0.919044554233551
pregledati,5.0,pregledao,0.9186265468597412
pregledati,6.0,pregledan,0.9174582362174988
pregledati,7.0,preglede,0.9136250615119934
pregledati,8.0,pregledava,0.9082812070846558
pregledati,9.0,pregledaju,0.9043567180633545
pregledati,10.0,pregledač,0.897775411605835
sagledati,1.0,ugledati,0.9267365336418152
sagledati,2.0,gledati,0.9228611588478088
sagledati,3.0,nadgledati,0.9148289561271667
sagledati,4.0,izgledati,0.889826238155365
sagledati,5.0,pogledati,0.8779404759407043
sagledati,6.0,sagleda,0.8676535487174988
sagledati,7.0,sagledava,0.852785587310791
sagledati,8.0,pregledati,0.8354731798171997
sagledati,9.0,posumnjati,0.8333488702774048
sagledati,10.0,upućivati,0.818256676197052
nadgledati,1.0,sagledati,0.9148290753364563
nadgledati,2.0,gledati,0.8961513638496399
nadgledati,3.0,ugledati,0.8939809203147888
nadgledati,4.0,nadgleda,0.8898167610168457
nadgledati,5.0,nadgledao,0.8810905814170837
nadgledati,6.0,nadgledaju,0.8681106567382812
nadgledati,7.0,pogledati,0.8613510727882385
nadgledati,8.0,izgledati,0.8519338965415955
nadgledati,9.0,pregledati,0.8418166041374207
nadgledati,10.0,nadgledanje,0.8325231671333313
odgovoriti,1.0,odgovoriš,0.932159423828125
odgovoriti,2.0,odgovorite,0.9272297024726868
odgovoriti,3.0,odgovori,0.9248348474502563
odgovoriti,4.0,odgovorim,0.9172380566596985
odgovoriti,5.0,odgovoris,0.9057087898254395
odgovoriti,6.0,odgovore,0.8963160514831543
odgovoriti,7.0,odgovorio,0.8959426879882812
odgovoriti,8.0,odgovorila,0.8847238421440125
odgovoriti,9.0,odgovorili,0.8846001625061035
odgovoriti,10.0,odgovorima,0.88327556848526
izgovoriti,1.0,govoriti,0.9196248650550842
izgovoriti,2.0,izgovori,0.9144835472106934
izgovoriti,3.0,dogovoriti,0.9080028533935547
izgovoriti,4.0,izgovore,0.8831302523612976
izgovoriti,5.0,izgovorio,0.8823352456092834
izgovoriti,6.0,izgovoru,0.8630944490432739
izgovoriti,7.0,izgovorom,0.8605780005455017
izgovoriti,8.0,izgovorene,0.852120041847229
izgovoriti,9.0,izgovor,0.8445528149604797
izgovoriti,10.0,izgovora,0.8422725200653076
progovoriti,,,
dogovoriti,1.0,govoriti,0.9347867369651794
dogovoriti,2.0,dogovorite,0.9164578914642334
dogovoriti,3.0,dogovori,0.915563702583313
dogovoriti,4.0,dogovorimo,0.9125480651855469
dogovoriti,5.0,izgovoriti,0.9080029129981995
dogovoriti,6.0,ugovoriti,0.8961097002029419
dogovoriti,7.0,dogovore,0.884040117263794
dogovoriti,8.0,dogovorio,0.8822321891784668
dogovoriti,9.0,dogovorili,0.8730586767196655
dogovoriti,10.0,dogovorima,0.8686203956604004
odreći,1.0,odrekne,0.8844709992408752
odreći,2.0,odreknu,0.8801217675209045
odreći,3.0,izreći,0.8680415153503418
odreći,4.0,odrekao,0.8639010787010193
odreći,5.0,odrekli,0.8632832765579224
odreći,6.0,važeći,0.8597869277000427
odreći,7.0,šireći,0.8554722666740417
odreći,8.0,preći,0.8506356477737427
odreći,9.0,odre,0.8464952707290649
odreći,10.0,odredišni,0.8450601100921631
izreći,1.0,odreći,0.8680415153503418
izreći,2.0,preći,0.8603786826133728
izreći,3.0,važeći,0.8583584427833557
izreći,4.0,izreku,0.8576683402061462
izreći,5.0,izrekao,0.8529986143112183
izreći,6.0,izbjeći,0.8467247486114502
izreći,7.0,takoreći,0.8450908660888672
izreći,8.0,misleći,0.8437667489051819
izreći,9.0,izriče,0.8401049375534058
izreći,10.0,reći,0.838561475276947
uzimati,1.0,imati,0.8648420572280884
uzimati,2.0,zauzimati,0.857382595539093
uzimati,3.0,uzimaš,0.8537227511405945
uzimati,4.0,uzimamo,0.850932776927948
uzimati,5.0,preduzimati,0.8490052819252014
uzimati,6.0,preuzimati,0.8481278419494629
uzimati,7.0,uzimam,0.8383160829544067
uzimati,8.0,uzimaju,0.8263906836509705
uzimati,9.0,primati,0.8127776384353638
uzimati,10.0,uzimao,0.8093813061714172
donositi,1.0,snositi,0.930799663066864
donositi,2.0,nositi,0.9070681929588318
donositi,3.0,podnositi,0.8968762755393982
donositi,4.0,unositi,0.8963636755943298
donositi,5.0,iznositi,0.8814783096313477
donositi,6.0,odnositi,0.8720545768737793
donositi,7.0,prenositi,0.8463525772094727
donositi,8.0,doprinositi,0.8418847322463989
donositi,9.0,oglasiti,0.8101793527603149
donositi,10.0,naglasiti,0.8084061145782471
odnositi,1.0,podnositi,0.9451608657836914
odnositi,2.0,snositi,0.9083459973335266
odnositi,3.0,nositi,0.8990106582641602
odnositi,4.0,unositi,0.8833705186843872
odnositi,5.0,donositi,0.8720546364784241
odnositi,6.0,iznositi,0.8551318049430847
odnositi,7.0,odnosiš,0.8401166796684265
odnositi,8.0,odnosi,0.8223087787628174
odnositi,9.0,prenositi,0.8215259909629822
odnositi,10.0,odnosilo,0.8062663078308105
podnositi,1.0,odnositi,0.9451608061790466
podnositi,2.0,snositi,0.9207779765129089
podnositi,3.0,unositi,0.9044226408004761
podnositi,4.0,nositi,0.902665376663208
podnositi,5.0,donositi,0.896876335144043
podnositi,6.0,iznositi,0.8876329660415649
podnositi,7.0,podnosi,0.8503850102424622
podnositi,8.0,odnosiš,0.8393281698226929
podnositi,9.0,podnosio,0.8340864181518555
podnositi,10.0,podnosilca,0.8295092582702637
prenositi,1.0,snositi,0.8866641521453857
prenositi,2.0,prenosivi,0.8732287883758545
prenositi,3.0,unositi,0.8711193799972534
prenositi,4.0,prenosi,0.8602098226547241
prenositi,5.0,nositi,0.8588684797286987
prenositi,6.0,prenosivim,0.8556786179542542
prenositi,7.0,prenosim,0.8540467619895935
prenositi,8.0,prenosilo,0.8529241681098938
prenositi,9.0,prenosio,0.8489317297935486
prenositi,10.0,donositi,0.8463525772094727
iznositi,1.0,snositi,0.9200384616851807
iznositi,2.0,podnositi,0.8876329660415649
iznositi,3.0,unositi,0.8874632716178894
iznositi,4.0,nositi,0.8856235146522522
iznositi,5.0,donositi,0.8814783692359924
iznositi,6.0,odnositi,0.8551316857337952
iznositi,7.0,iznosiš,0.8316649198532104
iznositi,8.0,prenositi,0.825779914855957
iznositi,9.0,doprinositi,0.818108081817627
iznositi,10.0,iznosilo,0.806624174118042
unositi,1.0,snositi,0.9398267269134521
unositi,2.0,nositi,0.9321022033691406
unositi,3.0,podnositi,0.9044225811958313
unositi,4.0,donositi,0.8963636159896851
unositi,5.0,iznositi,0.8874633312225342
unositi,6.0,odnositi,0.8833703994750977
unositi,7.0,prenositi,0.8711193799972534
unositi,8.0,doprinositi,0.8273435831069946
unositi,9.0,korisiti,0.8120678663253784
unositi,10.0,resiti,0.8084957599639893
prinositi,,,
nanositi,,,
provoditi,,,
dovoditi,1.0,dovodimo,0.8563469052314758
dovoditi,2.0,voditi,0.8540774583816528
dovoditi,3.0,dovodi,0.8486801981925964
dovoditi,4.0,dovodilo,0.844682514667511
dovoditi,5.0,uvoditi,0.843827486038208
dovoditi,6.0,sprovoditi,0.8423628807067871
dovoditi,7.0,dogoditi,0.8370510935783386
dovoditi,8.0,dovršiti,0.834540605545044
dovoditi,9.0,pobuditi,0.8341128826141357
dovoditi,10.0,uslediti,0.8334810733795166
navoditi,1.0,navodiš,0.8933609127998352
navoditi,2.0,navodite,0.8721703886985779
navoditi,3.0,navodim,0.870996356010437
navoditi,4.0,uvoditi,0.8645978569984436
navoditi,5.0,navodimo,0.8614457845687866
navoditi,6.0,navodi,0.8590993285179138
navoditi,7.0,voditi,0.8503496050834656
navoditi,8.0,ugoditi,0.8398959040641785
navoditi,9.0,dogoditi,0.8355621695518494
navoditi,10.0,naznačiti,0.8280792832374573
izvoditi,1.0,uvoditi,0.8662564158439636
izvoditi,2.0,izvodi,0.8566077351570129
izvoditi,3.0,izvaditi,0.8562136888504028
izvoditi,4.0,voditi,0.8542171120643616
izvoditi,5.0,proizvoditi,0.8285658955574036
izvoditi,6.0,izvodio,0.8262335062026978
izvoditi,7.0,izvodile,0.82131427526474
izvoditi,8.0,izvode,0.8130170106887817
izvoditi,9.0,ugoditi,0.8118520379066467
izvoditi,10.0,izvlačiti,0.8085970878601074
prevoditi,1.0,prevodiš,0.9177968502044678
prevoditi,2.0,prevodim,0.8995640873908997
prevoditi,3.0,prevodi,0.8963499069213867
prevoditi,4.0,prevodimo,0.8905646204948425
prevoditi,5.0,prevodioca,0.8857324719429016
prevoditi,6.0,prevode,0.8773022294044495
prevoditi,7.0,prevodio,0.869414746761322
prevoditi,8.0,prevodima,0.8632364273071289
prevoditi,9.0,prevodioci,0.8618566393852234
prevoditi,10.0,prevod,0.8575186729431152
uvoditi,1.0,voditi,0.9124290347099304
uvoditi,2.0,izvoditi,0.8662564754486084
uvoditi,3.0,navoditi,0.8645978569984436
uvoditi,4.0,ugoditi,0.8513409495353699
uvoditi,5.0,dovoditi,0.8438274264335632
uvoditi,6.0,dogoditi,0.8393747806549072
uvoditi,7.0,sprovoditi,0.8352188467979431
uvoditi,8.0,uvažiti,0.8311673998832703
uvoditi,9.0,pogoditi,0.8256345987319946
uvoditi,10.0,ubediti,0.8194142580032349
uraditi,1.0,raditi,0.9271587133407593
uraditi,2.0,odraditi,0.9188196659088135
uraditi,3.0,poraditi,0.9108683466911316
uraditi,4.0,doraditi,0.9092527031898499
uraditi,5.0,ugraditi,0.8760899305343628
uraditi,6.0,vaditi,0.8747155070304871
uraditi,7.0,zaraditi,0.8737087249755859
uraditi,8.0,nadograditi,0.8653756976127625
uraditi,9.0,izvaditi,0.8634357452392578
uraditi,10.0,uradi,0.8563051819801331
zaraditi,1.0,poraditi,0.8949589133262634
zaraditi,2.0,raditi,0.8870378136634827
zaraditi,3.0,odraditi,0.8776693940162659
zaraditi,4.0,doraditi,0.8765012621879578
zaraditi,5.0,uraditi,0.8737086653709412
zaraditi,6.0,zaradi,0.8696747422218323
zaraditi,7.0,nadograditi,0.8516809344291687
zaraditi,8.0,hladiti,0.8487657904624939
zaraditi,9.0,ugraditi,0.8430353999137878
zaraditi,10.0,izvaditi,0.8420549631118774
izraditi,1.0,izradi,0.859917938709259
izraditi,2.0,ugraditi,0.8495901823043823
izraditi,3.0,obraditi,0.8490732908248901
izraditi,4.0,izvaditi,0.8465924859046936
izraditi,5.0,uraditi,0.842950165271759
izraditi,6.0,nadograditi,0.8425629734992981
izraditi,7.0,izgraditi,0.8407348990440369
izraditi,8.0,raditi,0.840190052986145
izraditi,9.0,odraditi,0.83784019947052
izraditi,10.0,poraditi,0.8339774012565613
ukazati,1.0,iskazati,0.9348500370979309
ukazati,2.0,kazati,0.9077906608581543
ukazati,3.0,dokazati,0.9020736813545227
ukazati,4.0,otkazati,0.901077926158905
ukazati,5.0,pokazati,0.8814647793769836
ukazati,6.0,ukazivati,0.8634846210479736
ukazati,7.0,dokazivati,0.8197646141052246
ukazati,8.0,ocekivati,0.8160684704780579
ukazati,9.0,drzati,0.8143310546875
ukazati,10.0,posumnjati,0.8141821622848511
dokazati,1.0,pokazati,0.9064031839370728
dokazati,2.0,ukazati,0.9020736217498779
dokazati,3.0,iskazati,0.9001149535179138
dokazati,4.0,dokazivati,0.8817274570465088
dokazati,5.0,otkazati,0.8721277713775635
dokazati,6.0,kazati,0.8544796109199524
dokazati,7.0,dokazalo,0.8532954454421997
dokazati,8.0,dokazali,0.8513384461402893
dokazati,9.0,dokazane,0.8381809592247009
dokazati,10.0,dokazala,0.8341701030731201
prikazati,1.0,prikazivati,0.900079071521759
prikazati,2.0,prikazali,0.8932517170906067
prikazati,3.0,prikazane,0.8842393159866333
prikazati,4.0,prikazu,0.8832502365112305
prikazati,5.0,prikazala,0.8800544142723083
prikazati,6.0,prikazao,0.8741644620895386
prikazati,7.0,prikazan,0.8662668466567993
prikazati,8.0,prikazom,0.8662270903587341
prikazati,9.0,prikaza,0.8654662370681763
prikazati,10.0,prikaze,0.8620615005493164
uvideti,1.0,videti,0.9257158637046814
uvideti,2.0,predvideti,0.8517034649848938
uvideti,3.0,uvide,0.8221027851104736
uvideti,4.0,vidjeti,0.8145464658737183
uvideti,5.0,izneti,0.810417115688324
uvideti,6.0,podsetiti,0.8090296387672424
uvideti,7.0,uvažiti,0.8072390556335449
uvideti,8.0,uvidevši,0.8041922450065613
uvideti,9.0,posumnjati,0.8022580146789551
uvideti,10.0,predvidjeti,0.8014275431632996
zamisliti,1.0,misliti,0.9311122894287109
zamisliti,2.0,pomisliti,0.9180702567100525
zamisliti,3.0,smisliti,0.9142736196517944
zamisliti,4.0,zamisli,0.9094980955123901
zamisliti,5.0,zamislite,0.8978095054626465
zamisliti,6.0,razmisliti,0.8883441686630249
zamisliti,7.0,zamislimo,0.8866593837738037
zamisliti,8.0,zamislim,0.8822231292724609
zamisliti,9.0,zamislili,0.8660575151443481
zamisliti,10.0,zamislio,0.8573696613311768
razmisliti,1.0,razmisljati,0.9368019104003906
razmisliti,2.0,razmisli,0.9311951994895935
razmisliti,3.0,razmislite,0.921562671661377
razmisliti,4.0,razmislimo,0.9132983684539795
razmisliti,5.0,misliti,0.9115332365036011
razmisliti,6.0,razmislim,0.9103909134864807
razmisliti,7.0,pomisliti,0.9098921418190002
razmisliti,8.0,razmisle,0.9025498628616333
razmisliti,9.0,razmislja,0.8943606615066528
razmisliti,10.0,razmislio,0.8915356397628784
izmisliti,,,
dodati,1.0,pridodati,0.8876619338989258
dodati,2.0,dodatci,0.8740678429603577
dodati,3.0,dodatim,0.8630180954933167
dodati,4.0,dodatu,0.860164999961853
dodati,5.0,dodaću,0.8598510026931763
dodati,6.0,dodavati,0.8586285710334778
dodati,7.0,dodat,0.8562050461769104
dodati,8.0,dodatih,0.8540009260177612
dodati,9.0,dodato,0.8452035188674927
dodati,10.0,hodati,0.837368369102478
predati,1.0,predat,0.8685111999511719
predati,2.0,predaha,0.856033444404602
predati,3.0,predah,0.8500210642814636
predati,4.0,preda,0.8388045430183411
predati,5.0,predao,0.8307732939720154
predati,6.0,predaj,0.8278130888938904
predati,7.0,predali,0.8263769745826721
predati,8.0,predata,0.8256061673164368
predati,9.0,predaji,0.8230105638504028
predati,10.0,predate,0.8188538551330566
udati,1.0,bežati,0.8599798083305359
udati,2.0,hodati,0.8588629961013794
udati,3.0,trpati,0.8293061852455139
udati,4.0,udarati,0.8215714693069458
udati,5.0,dati,0.8170391321182251
udati,6.0,padati,0.8154686093330383
udati,7.0,savladati,0.8135398030281067
udati,8.0,trčati,0.8126574158668518
udati,9.0,uhvati,0.8123688697814941
udati,10.0,opadati,0.8118597865104675
prodati,1.0,prodat,0.9060376882553101
prodati,2.0,prodatih,0.9036750793457031
prodati,3.0,prodavati,0.8999410271644592
prodati,4.0,prodato,0.8978914022445679
prodati,5.0,prodate,0.8831124305725098
prodati,6.0,prodali,0.8764527440071106
prodati,7.0,prodavcu,0.876172661781311
prodati,8.0,prodata,0.8737307786941528
prodati,9.0,prodao,0.8736045360565186
prodati,10.0,prodavci,0.8694000840187073
izdati,1.0,izdavati,0.8966233730316162
izdati,2.0,izdatim,0.8806097507476807
izdati,3.0,izdatu,0.8796364068984985
izdati,4.0,izdato,0.8747661709785461
izdati,5.0,izdatih,0.8718964457511902
izdati,6.0,izda,0.8637662529945374
izdati,7.0,izdat,0.8574245572090149
izdati,8.0,izdatog,0.8471404314041138
izdati,9.0,izdaje,0.8469730019569397
izdati,10.0,izdate,0.8466252088546753
uzdati,,,
ustajati,,,
prestajati,,,
pristajati,,,
nastajati,,,
začuti,,,
izići,,,
naići,1.0,naiđu,0.8958781957626343
naići,2.0,ići,0.8812044858932495
naići,3.0,naiđe,0.8720683455467224
naići,4.0,ćeklići,0.8658365607261658
naići,5.0,prići,0.8526957631111145
naići,6.0,zaobići,0.8502121567726135
naići,7.0,naišlo,0.8476240038871765
naići,8.0,šimići,0.8440276384353638
naići,9.0,dići,0.8423776030540466
naići,10.0,podići,0.8345918655395508
obići,1.0,zaobići,0.8988104462623596
obići,2.0,obiđe,0.8715482950210571
obići,3.0,ići,0.8529089689254761
obići,4.0,ćeklići,0.8479973673820496
obići,5.0,zaobilazeći,0.8389179110527039
obići,6.0,naići,0.8314127922058105
obići,7.0,prići,0.8171340823173523
obići,8.0,podići,0.8138903379440308
obići,9.0,dugmići,0.8122779130935669
obići,10.0,zaobiđe,0.8118934631347656
podići,1.0,podižući,0.9242931604385376
podići,2.0,podižu,0.9110662937164307
podići,3.0,podiže,0.9100870490074158
podići,4.0,podigoše,0.8934497833251953
podići,5.0,podignuti,0.8806047439575195
podići,6.0,podigle,0.8788974285125732
podići,7.0,podignu,0.8744887113571167
podići,8.0,podignute,0.8687037825584412
podići,9.0,podizali,0.8681806325912476
podići,10.0,podignuto,0.8642299771308899
saznati,1.0,znati,0.8927026987075806
saznati,2.0,saznali,0.8353118300437927
saznati,3.0,saznam,0.8339577317237854
saznati,4.0,zanati,0.8317331075668335
saznati,5.0,saznavši,0.8298041224479675
saznati,6.0,saznaj,0.8292071223258972
saznati,7.0,saznaju,0.8255899548530579
saznati,8.0,priznati,0.8243075609207153
saznati,9.0,saznajemo,0.8229530453681946
saznati,10.0,upoznati,0.8116733431816101
priznati,1.0,priznaćeš,0.9035878777503967
priznati,2.0,priznat,0.8900509476661682
priznati,3.0,priznatim,0.8899823427200317
priznati,4.0,priznaj,0.8877874612808228
priznati,5.0,priznato,0.8847864270210266
priznati,6.0,priznam,0.8843798637390137
priznati,7.0,priznate,0.8791033029556274
priznati,8.0,priznali,0.8747794032096863
priznati,9.0,priznatih,0.8745903372764587
priznati,10.0,priznaju,0.8719508051872253
doznati,,,
učiniti,1.0,činiti,0.9399517178535461
učiniti,2.0,načiniti,0.8913309574127197
učiniti,3.0,učiniće,0.8671083450317383
učiniti,4.0,učini,0.852082371711731
učiniti,5.0,učiniocu,0.8493959307670593
učiniti,6.0,izviniti,0.8430027365684509
učiniti,7.0,učiti,0.8328632712364197
učiniti,8.0,uciniti,0.8269211649894714
učiniti,9.0,uvažiti,0.8266720175743103
učiniti,10.0,ublažiti,0.824840784072876
načiniti,1.0,učiniti,0.8913309574127197
načiniti,2.0,činiti,0.8898221850395203
načiniti,3.0,načini,0.8751468062400818
načiniti,4.0,naznačiti,0.8388487100601196
načiniti,5.0,načine,0.8343185186386108
načiniti,6.0,načinila,0.829102635383606
načiniti,7.0,načinio,0.8290058970451355
načiniti,8.0,izvlačiti,0.8247096538543701
načiniti,9.0,načinu,0.8116871118545532
načiniti,10.0,narušiti,0.8110871911048889
dodavati,1.0,davati,0.8648932576179504
dodavati,2.0,dodati,0.8586286306381226
dodavati,3.0,popunjavati,0.8338707685470581
dodavati,4.0,ubacivati,0.822628915309906
dodavati,5.0,reagovati,0.8209052085876465
dodavati,6.0,upisivati,0.8180963397026062
dodavati,7.0,korigovati,0.8171614408493042
dodavati,8.0,prodavati,0.8164903521537781
dodavati,9.0,čuvati,0.81624835729599
dodavati,10.0,uklanjati,0.8158501386642456
prodavati,1.0,prodati,0.899941086769104
prodavati,2.0,prodavce,0.8907474875450134
prodavati,3.0,prodavcu,0.8850257992744446
prodavati,4.0,prodavca,0.8782229423522949
prodavati,5.0,prodavci,0.8766639232635498
prodavati,6.0,prodavaca,0.8719570636749268
prodavati,7.0,prodavac,0.8657371401786804
prodavati,8.0,prodavala,0.8605197072029114
prodavati,9.0,prodavane,0.858104407787323
prodavati,10.0,prodavan,0.8541715741157532
predavati,,,
izdavati,1.0,izdati,0.8966233134269714
izdavati,2.0,izdavaču,0.8867847323417664
izdavati,3.0,izdavače,0.88216233253479
izdavati,4.0,izdavaštvu,0.8725512623786926
izdavati,5.0,izdavačem,0.8588513135910034
izdavati,6.0,izdavači,0.8552283048629761
izdavati,7.0,izdavaštvo,0.852454662322998
izdavati,8.0,izdavaštva,0.8491612672805786
izdavati,9.0,izdavačke,0.8352242112159729
izdavati,10.0,izdavala,0.833929181098938
napisati,1.0,zapisati,0.9069027304649353
napisati,2.0,pisati,0.8961716890335083
napisati,3.0,napisah,0.8573523759841919
napisati,4.0,opisati,0.8484706878662109
napisati,5.0,upisati,0.8402035236358643
napisati,6.0,pripisati,0.8398337364196777
napisati,7.0,napisu,0.8305070996284485
napisati,8.0,napisemo,0.8287274241447449
napisati,9.0,napisanu,0.8265846371650696
napisati,10.0,napisane,0.8189025521278381
upisati,1.0,staupisati,0.8988341093063354
upisati,2.0,zapisati,0.8829691410064697
upisati,3.0,grupisati,0.8780776858329773
upisati,4.0,pisati,0.8603558540344238
upisati,5.0,upisivati,0.8554841876029968
upisati,6.0,opisati,0.8411497473716736
upisati,7.0,napisati,0.8402036428451538
upisati,8.0,pripisati,0.8307589292526245
upisati,9.0,deklarisati,0.8174329996109009
upisati,10.0,izbrisati,0.8001484870910645
doživeti,1.0,oživeti,0.9578515887260437
doživeti,2.0,doživjeti,0.911266028881073
doživeti,3.0,doživi,0.9033016562461853
doživeti,4.0,dožive,0.8953726291656494
doživeti,5.0,zaživeti,0.8921751976013184
doživeti,6.0,doživele,0.8821969628334045
doživeti,7.0,doživeo,0.8814562559127808
doživeti,8.0,doživelo,0.8801094889640808
doživeti,9.0,živeti,0.875672459602356
doživeti,10.0,preživeti,0.8704153299331665
preživeti,1.0,preživi,0.9247599840164185
preživeti,2.0,prežive,0.921845555305481
preživeti,3.0,preživeo,0.911834716796875
preživeti,4.0,preživele,0.910407304763794
preživeti,5.0,preživelo,0.908648669719696
preživeti,6.0,oživeti,0.9066501259803772
preživeti,7.0,preživari,0.9048573970794678
preživeti,8.0,preživeli,0.9032202959060669
preživeti,9.0,preživela,0.8912003040313721
preživeti,10.0,preživelih,0.8896004557609558
odigrati,1.0,igrati,0.9029839038848877
odigrati,2.0,odigra,0.8643872737884521
odigrati,3.0,odigralo,0.8636285662651062
odigrati,4.0,odigrane,0.8561628460884094
odigrati,5.0,odigrao,0.8474249839782715
odigrati,6.0,odigrava,0.8458005785942078
odigrati,7.0,odigrala,0.8439857959747314
odigrati,8.0,odigrale,0.8431501388549805
odigrati,9.0,odigrana,0.8348297476768494
odigrati,10.0,odigrali,0.8306146860122681
prebaciti,1.0,prebaciš,0.9318231344223022
prebaciti,2.0,prebaci,0.930054247379303
prebaciti,3.0,prebacivati,0.9284566044807434
prebaciti,4.0,prebacite,0.9238502979278564
prebaciti,5.0,prebacimo,0.9200153946876526
prebaciti,6.0,prebacim,0.9089435338973999
prebaciti,7.0,prebacuješ,0.8923670053482056
prebaciti,8.0,prebace,0.8860447406768799
prebaciti,9.0,prebacivao,0.8813459873199463
prebaciti,10.0,prebacili,0.877684473991394
izbaciti,1.0,izbaci,0.895704984664917
izbaciti,2.0,izbacite,0.8877454400062561
izbaciti,3.0,izbacimo,0.8834584355354309
izbaciti,4.0,ubaciti,0.8831488490104675
izbaciti,5.0,baciti,0.8804555535316467
izbaciti,6.0,izbacim,0.8677248358726501
izbaciti,7.0,prebaciti,0.8656836152076721
izbaciti,8.0,odbaciti,0.8655096292495728
izbaciti,9.0,izbace,0.8456588983535767
izbaciti,10.0,izbacivao,0.8332007527351379
odbaciti,1.0,baciti,0.8977862596511841
odbaciti,2.0,odbaci,0.8847532272338867
odbaciti,3.0,odbacite,0.8751168251037598
odbaciti,4.0,ubaciti,0.8727831244468689
odbaciti,5.0,izbaciti,0.8655096888542175
odbaciti,6.0,odbiti,0.8572950959205627
odbaciti,7.0,prebaciti,0.8459455966949463
odbaciti,8.0,uvažiti,0.8373235464096069
odbaciti,9.0,odluciti,0.8354256749153137
odbaciti,10.0,odložiti,0.8340104818344116
ubaciti,1.0,baciti,0.9091805219650269
ubaciti,2.0,ubacivati,0.8967643976211548
ubaciti,3.0,izbaciti,0.883148729801178
ubaciti,4.0,ubaci,0.8808322548866272
ubaciti,5.0,ubaciš,0.8796274065971375
ubaciti,6.0,odbaciti,0.8727830052375793
ubaciti,7.0,prebaciti,0.8721169233322144
ubaciti,8.0,ubacite,0.8692506551742554
ubaciti,9.0,ubacimo,0.86708664894104
ubaciti,10.0,ubacim,0.8471829295158386
izvući,1.0,izvuče,0.8903148174285889
izvući,2.0,izvuku,0.8710944056510925
izvući,3.0,uvući,0.8691976070404053
izvući,4.0,izvlače,0.8600722551345825
izvući,5.0,izvlači,0.8517897725105286
izvući,6.0,izvlačiti,0.8486703634262085
izvući,7.0,povući,0.841334342956543
izvući,8.0,izvukao,0.8399155735969543
izvući,9.0,izvuci,0.8361917734146118
izvući,10.0,izvade,0.8336697816848755
privući,1.0,privuče,0.9299072623252869
privući,2.0,privuku,0.9149845838546753
privući,3.0,privuklo,0.8929317593574524
privući,4.0,privukao,0.8844051361083984
privući,5.0,privukla,0.8793528079986572
privući,6.0,privukli,0.878337025642395
privući,7.0,uvući,0.8608673214912415
privući,8.0,privlačio,0.8606206178665161
privući,9.0,priđe,0.8569649457931519
privući,10.0,priušti,0.8552173376083374
uvući,1.0,tući,0.8992249965667725
uvući,2.0,povući,0.8877466320991516
uvući,3.0,izvući,0.8691977262496948
uvući,4.0,ući,0.8691067099571228
uvući,5.0,privući,0.8608672022819519
uvući,6.0,idući,0.855358898639679
uvući,7.0,zanemarujući,0.8485451936721802
uvući,8.0,odbacujući,0.8477493524551392
uvući,9.0,zaostajući,0.8474109172821045
uvući,10.0,vrući,0.8460546135902405
zadržati,1.0,izdržati,0.8883258700370789
zadržati,2.0,zadržalo,0.8696171641349792
zadržati,3.0,zadržan,0.866767406463623
zadržati,4.0,sadržati,0.8614489436149597
zadržati,5.0,držati,0.8543092012405396
zadržati,6.0,zadržali,0.8541327714920044
zadržati,7.0,zadržao,0.8539076447486877
zadržati,8.0,zadržala,0.853748083114624
zadržati,9.0,zadržale,0.8534029126167297
zadržati,10.0,zadrže,0.8498707413673401
izdržati,1.0,držati,0.9059879779815674
izdržati,2.0,zadržati,0.8883258700370789
izdržati,3.0,izdrže,0.8737928867340088
izdržati,4.0,pridržavati,0.8699397444725037
izdržati,5.0,održati,0.8677800297737122
izdržati,6.0,izdržali,0.8520649075508118
izdržati,7.0,sadržati,0.8495920896530151
izdržati,8.0,kupovati,0.8479326367378235
izdržati,9.0,bežati,0.8475468754768372
izdržati,10.0,izvaditi,0.843513548374176
sadržati,1.0,sadržavati,0.9299250245094299
sadržati,2.0,sadržaće,0.9114934206008911
sadržati,3.0,sadržalo,0.8738929033279419
sadržati,4.0,sadržan,0.8710237145423889
sadržati,5.0,sadržane,0.8660601377487183
sadržati,6.0,zadržati,0.8614490032196045
sadržati,7.0,sadržaje,0.8612748980522156
sadržati,8.0,sadržaju,0.8597570061683655
sadržati,9.0,sadržale,0.8590980172157288
sadržati,10.0,sadržali,0.8580271601676941
obuzeti,,,
zauzeti,1.0,zauzet,0.9000970125198364
zauzeti,2.0,zauzete,0.8977140784263611
zauzeti,3.0,zauzetih,0.8961001038551331
zauzeti,4.0,zauzevši,0.8856667876243591
zauzeti,5.0,zauzeto,0.8760781288146973
zauzeti,6.0,zauzele,0.858734667301178
zauzeti,7.0,zauzelo,0.8582469820976257
zauzeti,8.0,zauzeli,0.8554695844650269
zauzeti,9.0,zauzmu,0.8537463545799255
zauzeti,10.0,zauzimati,0.8535380363464355
preuzeti,1.0,preuzete,0.9355011582374573
preuzeti,2.0,preuzetih,0.9344000816345215
preuzeti,3.0,preuzet,0.9241779446601868
preuzeti,4.0,preuzeto,0.9051676988601685
preuzeti,5.0,preuzeta,0.8869908452033997
preuzeti,6.0,preuzelo,0.8843796253204346
preuzeti,7.0,preuzele,0.8829275965690613
preuzeti,8.0,preuzeli,0.8779059052467346
preuzeti,9.0,preuzmu,0.867594838142395
preuzeti,10.0,preuzela,0.8591556549072266
oduzeti,1.0,oduzet,0.8902970552444458
oduzeti,2.0,oduzeto,0.8680388927459717
oduzeti,3.0,uzeti,0.8624733090400696
oduzeti,4.0,oduzelo,0.8463212847709656
oduzeti,5.0,oduzeli,0.8417070508003235
oduzeti,6.0,odupreti,0.8398461937904358
oduzeti,7.0,zauzeti,0.8386860489845276
oduzeti,8.0,oduzme,0.8376799821853638
oduzeti,9.0,oduzeta,0.8367706537246704
oduzeti,10.0,oduzmu,0.8366187214851379
ustati,,,
prestati,1.0,nestati,0.8616495132446289
prestati,2.0,prestanu,0.8470277190208435
prestati,3.0,prestaneš,0.8464276790618896
prestati,4.0,odustati,0.8386767506599426
prestati,5.0,prestane,0.8367857336997986
prestati,6.0,prestaju,0.8170468211174011
prestati,7.0,prestani,0.8144646286964417
prestati,8.0,prestanak,0.8106683492660522
prestati,9.0,prestanku,0.8095955848693848
prestati,10.0,prestaje,0.8095620274543762
zastati,,,
nastati,1.0,nastanu,0.8171858787536621
nastati,2.0,nasta,0.8127575516700745
nastati,3.0,nastane,0.8114627003669739
nastati,4.0,nestati,0.811019778251648
nastati,5.0,nastaju,0.8062489628791809
nastati,6.0,izostati,0.8062319159507751
nastati,7.0,razvrstati,0.8008484840393066
nastati,8.0,opstati,0.8005915880203247
nastati,9.0,nastankom,0.7974256277084351
nastati,10.0,nastalom,0.7968891859054565
pristati,,,
sastati,,,
nazvati,1.0,zvati,0.8949109315872192
nazvati,2.0,nazivati,0.8745833039283752
nazvati,3.0,opozvati,0.8459404706954956
nazvati,4.0,pozvati,0.8387877941131592
nazvati,5.0,korigovati,0.8349831104278564
nazvati,6.0,čuvati,0.8345794677734375
nazvati,7.0,vati,0.8313416838645935
nazvati,8.0,dešifrovati,0.8293842077255249
nazvati,9.0,izazvati,0.8200404644012451
nazvati,10.0,naznačiti,0.8141323924064636
sazvati,,,
pripadati,1.0,pripadamo,0.9303202033042908
pripadati,2.0,pripada,0.898431122303009
pripadati,3.0,pripadaju,0.8978756070137024
pripadati,4.0,pripadali,0.8931999206542969
pripadati,5.0,pripadalo,0.8930595517158508
pripadati,6.0,pripadao,0.8845624327659607
pripadati,7.0,pripadala,0.8701745271682739
pripadati,8.0,pripadale,0.8667805194854736
pripadati,9.0,pripazi,0.8609814047813416
pripadati,10.0,pripadne,0.8609714508056641
dopadati,,,
pronalaziti,,,
napustiti,1.0,napusti,0.9169440865516663
napustiti,2.0,pustiti,0.9123661518096924
napustiti,3.0,spustiti,0.9008312225341797
napustiti,4.0,prepustiti,0.8963501453399658
napustiti,5.0,dopustiti,0.8773629069328308
napustiti,6.0,napustivši,0.872345507144928
napustiti,7.0,napuste,0.8638301491737366
napustiti,8.0,propustiti,0.8570956587791443
napustiti,9.0,napustilo,0.853874683380127
napustiti,10.0,napusta,0.8470754623413086
dopustiti,1.0,pustiti,0.9292179346084595
dopustiti,2.0,prepustiti,0.927861213684082
dopustiti,3.0,spustiti,0.9163919687271118
dopustiti,4.0,propustiti,0.9161397218704224
dopustiti,5.0,dopusti,0.9154877662658691
dopustiti,6.0,dopustite,0.8788107633590698
dopustiti,7.0,napustiti,0.8773629665374756
dopustiti,8.0,podsetiti,0.8649967312812805
dopustiti,9.0,smestiti,0.8647448420524597
dopustiti,10.0,očistiti,0.8623796701431274
prepustiti,1.0,pustiti,0.9292425513267517
prepustiti,2.0,dopustiti,0.9278611540794373
prepustiti,3.0,prepusti,0.9241943955421448
prepustiti,4.0,spustiti,0.9241935014724731
prepustiti,5.0,napustiti,0.8963501453399658
prepustiti,6.0,propustiti,0.8897453546524048
prepustiti,7.0,prepustite,0.887773871421814
prepustiti,8.0,prepust,0.8687654137611389
prepustiti,9.0,premostiti,0.8633996844291687
prepustiti,10.0,ljutiti,0.8616521954536438
propustiti,1.0,propusti,0.9337556958198547
propustiti,2.0,dopustiti,0.9161396026611328
propustiti,3.0,spustiti,0.9070525765419006
propustiti,4.0,pustiti,0.8985655307769775
propustiti,5.0,prepustiti,0.88974529504776
propustiti,6.0,propust,0.8840723037719727
propustiti,7.0,propuste,0.8834332823753357
propustiti,8.0,propusta,0.8711152076721191
propustiti,9.0,očistiti,0.8572973012924194
propustiti,10.0,napustiti,0.8570956587791443
nastaviti,1.0,nastavite,0.8908504843711853
nastaviti,2.0,nastavi,0.8892259001731873
nastaviti,3.0,nastaviš,0.8853141069412231
nastaviti,4.0,obustaviti,0.8696315288543701
nastaviti,5.0,nastavim,0.8694770336151123
nastaviti,6.0,nastavimo,0.8652763366699219
nastaviti,7.0,sastaviti,0.8556404113769531
nastaviti,8.0,staviti,0.8548753261566162
nastaviti,9.0,dostaviti,0.8459960222244263
nastaviti,10.0,zaustaviti,0.8421708345413208
sastaviti,1.0,sastavi,0.8888183832168579
sastaviti,2.0,nastaviti,0.8556403517723083
sastaviti,3.0,sastavima,0.8473602533340454
sastaviti,4.0,staviti,0.8466625809669495
sastaviti,5.0,obustaviti,0.8403084874153137
sastaviti,6.0,izostaviti,0.8357097506523132
sastaviti,7.0,dostaviti,0.8331615924835205
sastaviti,8.0,sastavili,0.8173240423202515
sastaviti,9.0,pribaviti,0.8168358206748962
sastaviti,10.0,sastavila,0.8138471841812134
dostaviti,1.0,ostaviti,0.9328338503837585
dostaviti,2.0,izostaviti,0.9287804365158081
dostaviti,3.0,postaviti,0.9130011200904846
dostaviti,4.0,predpostaviti,0.9122108221054077
dostaviti,5.0,ispostaviti,0.9095464944839478
dostaviti,6.0,staviti,0.9022242426872253
dostaviti,7.0,dostavi,0.8890705108642578
dostaviti,8.0,obustaviti,0.8806498646736145
dostaviti,9.0,dostavim,0.8698645830154419
dostaviti,10.0,uspostaviti,0.8674647808074951
napasti,1.0,upasti,0.913623034954071
napasti,2.0,napadnuti,0.8615782260894775
napasti,3.0,ispasti,0.8607569932937622
napasti,4.0,napadače,0.8510605692863464
napasti,5.0,pasti,0.8424725532531738
napasti,6.0,napadati,0.8396796584129333
napasti,7.0,napadaje,0.823731005191803
napasti,8.0,napade,0.8222359418869019
napasti,9.0,napadaj,0.8219548463821411
napasti,10.0,napadnut,0.8218443989753723
upasti,1.0,napasti,0.9136228561401367
upasti,2.0,pasti,0.9061539173126221
upasti,3.0,ispasti,0.8971702456474304
upasti,4.0,raspasti,0.8576546907424927
upasti,5.0,ružičasti,0.8384239077568054
upasti,6.0,časti,0.8365485072135925
upasti,7.0,pripasti,0.8356174230575562
upasti,8.0,propasti,0.8292568325996399
upasti,9.0,narasti,0.8227439522743225
upasti,10.0,počasti,0.8110584020614624
pripasti,1.0,pripazi,0.8681381344795227
pripasti,2.0,pripoji,0.8644213676452637
pripasti,3.0,pripadamo,0.8524820804595947
pripasti,4.0,pripadati,0.8524558544158936
pripasti,5.0,pripao,0.8482101559638977
pripasti,6.0,pripadne,0.8449360132217407
pripasti,7.0,pripadala,0.8394594788551331
pripasti,8.0,pripadalo,0.838997483253479
pripasti,9.0,upasti,0.8356174230575562
pripasti,10.0,pripadali,0.8352935314178467
uticati,1.0,podsticati,0.8474492430686951
uticati,2.0,isticati,0.8438093066215515
uticati,3.0,uticaju,0.8235606551170349
uticati,4.0,uticaja,0.8171855807304382
uticati,5.0,utiču,0.803081750869751
uticati,6.0,uticaje,0.7991196513175964
uticati,7.0,uticaj,0.7989764213562012
uticati,8.0,uticajne,0.7955541014671326
uticati,9.0,uticaji,0.7954636812210083
uticati,10.0,uticali,0.7874494194984436
nabaviti,1.0,pribaviti,0.9171867966651917
nabaviti,2.0,obaviti,0.9097153544425964
nabaviti,3.0,zabaviti,0.9024596214294434
nabaviti,4.0,baviti,0.8965640664100647
nabaviti,5.0,pozabaviti,0.8876296281814575
nabaviti,6.0,nabavi,0.8673184514045715
nabaviti,7.0,obustaviti,0.8479931354522705
nabaviti,8.0,pružiti,0.8383908867835999
nabaviti,9.0,javiti,0.8375664353370667
nabaviti,10.0,naplatiti,0.8343845009803772
odvratiti,,,
uzvratiti,,,
zauzimati,1.0,zauzimaju,0.8895103335380554
zauzimati,2.0,zauzimali,0.8768947720527649
zauzimati,3.0,zauzimao,0.8746717572212219
zauzimati,4.0,zauzima,0.8720323443412781
zauzimati,5.0,zauzimajući,0.8716368675231934
zauzimati,6.0,uzimati,0.857382595539093
zauzimati,7.0,zauzeti,0.8535380363464355
zauzimati,8.0,zauzimala,0.8487433195114136
zauzimati,9.0,zauzimanju,0.8198717832565308
zauzimati,10.0,zauzimanje,0.8156149387359619
preuzimati,1.0,preuzimam,0.929578423500061
preuzimati,2.0,preuzimaju,0.9163031578063965
preuzimati,3.0,preuzimao,0.9157577157020569
preuzimati,4.0,preuzima,0.9126303791999817
preuzimati,5.0,preuzimali,0.9115926027297974
preuzimati,6.0,preuzimanju,0.8742348551750183
preuzimati,7.0,preuzimanje,0.8692007064819336
preuzimati,8.0,preuzmu,0.8629166483879089
preuzimati,9.0,preuzimanjem,0.8546168804168701
preuzimati,10.0,preuzimanja,0.8481327295303345
zamoliti,1.0,zamoliš,0.8714777231216431
zamoliti,2.0,zamoli,0.8496991991996765
zamoliti,3.0,zamisliti,0.8367853164672852
zamoliti,4.0,zamolim,0.8350485563278198
zamoliti,5.0,zamolili,0.8299974203109741
zamoliti,6.0,pomisliti,0.8266122937202454
zamoliti,7.0,misliti,0.8243067264556885
zamoliti,8.0,zamolio,0.8204725980758667
zamoliti,9.0,dozvoliti,0.8185401558876038
zamoliti,10.0,zamolila,0.816571056842804
saslušati,,,
naučiti,1.0,učiti,0.9048791527748108
naučiti,2.0,okačiti,0.871004045009613
naučiti,3.0,odlučiti,0.8633102178573608
naučiti,4.0,naznačiti,0.8630554676055908
naučiti,5.0,nauči,0.8610396981239319
naučiti,6.0,uvažiti,0.8582867383956909
naučiti,7.0,suočiti,0.8557640314102173
naučiti,8.0,protumačiti,0.8481040000915527
naučiti,9.0,izvlačiti,0.8464820981025696
naučiti,10.0,ublažiti,0.8452057242393494
obučiti,,,
upitati,1.0,pitati,0.9190743565559387
upitati,2.0,zapitati,0.9169319272041321
upitati,3.0,učitati,0.8947564363479614
upitati,4.0,očitati,0.8917229771614075
upitati,5.0,ispitati,0.8778834342956543
upitati,6.0,čitati,0.8693200349807739
upitati,7.0,preispitati,0.8671073317527771
upitati,8.0,pročitati,0.8511893153190613
upitati,9.0,upiti,0.8462312817573547
upitati,10.0,upisivati,0.8227537274360657
zapitati,1.0,upitati,0.9169319272041321
zapitati,2.0,pitati,0.9067168831825256
zapitati,3.0,zapitaš,0.8766172528266907
zapitati,4.0,očitati,0.8643449544906616
zapitati,5.0,preispitati,0.8596630096435547
zapitati,6.0,ispitati,0.8547828793525696
zapitati,7.0,čitati,0.8406662940979004
zapitati,8.0,učitati,0.8382099866867065
zapitati,9.0,zapita,0.8354202508926392
zapitati,10.0,pročitati,0.8297166228294373
sačekati,1.0,čekati,0.9397984147071838
sačekati,2.0,sačekajmo,0.9121768474578857
sačekati,3.0,sačekaš,0.8987311124801636
sačekati,4.0,sačekaj,0.8905444741249084
sačekati,5.0,sačekaju,0.8826509118080139
sačekati,6.0,sačeka,0.8771975636482239
sačekati,7.0,sačekajte,0.8729725480079651
sačekati,8.0,vređati,0.8637712597846985
sačekati,9.0,svađati,0.8586305975914001
sačekati,10.0,smejati,0.8580707311630249
dočekati,,,
objaviti,1.0,objavi,0.8871344327926636
objaviti,2.0,objavite,0.8759454488754272
objaviti,3.0,objavljivati,0.8673641085624695
objaviti,4.0,objavim,0.8636752367019653
objaviti,5.0,objave,0.8522125482559204
objaviti,6.0,objavivši,0.8468934893608093
objaviti,7.0,objavile,0.8359065055847168
objaviti,8.0,objavu,0.8294253349304199
objaviti,9.0,objavilo,0.823634922504425
objaviti,10.0,javiti,0.8177513480186462
izjaviti,,,
prijaviti,1.0,prijavi,0.9019314050674438
prijaviti,2.0,prijaviš,0.8929502964019775
prijaviti,3.0,prijavite,0.8924176692962646
prijaviti,4.0,prijavim,0.8825663328170776
prijaviti,5.0,pribaviti,0.8702659010887146
prijaviti,6.0,prijave,0.859826922416687
prijaviti,7.0,prijavu,0.8532350659370422
prijaviti,8.0,prijavilo,0.8459541201591492
prijaviti,9.0,prijava,0.8410665392875671
prijaviti,10.0,obustaviti,0.8374835848808289
najaviti,,,
izlagati,,,
ulagati,,,
zalagati,,,
sagraditi,1.0,graditi,0.8923240900039673
sagraditi,2.0,izgraditi,0.8873489499092102
sagraditi,3.0,sagradi,0.8837683200836182
sagraditi,4.0,ugraditi,0.8681862950325012
sagraditi,5.0,nadograditi,0.8580994606018066
sagraditi,6.0,doraditi,0.8432087302207947
sagraditi,7.0,uraditi,0.8240696787834167
sagraditi,8.0,odraditi,0.8211547136306763
sagraditi,9.0,poraditi,0.8178579807281494
sagraditi,10.0,vaditi,0.8099625706672668
izgraditi,1.0,izgradi,0.9160112142562866
izgraditi,2.0,graditi,0.9079681634902954
izgraditi,3.0,ugraditi,0.89553302526474
izgraditi,4.0,sagraditi,0.8873487710952759
izgraditi,5.0,nadograditi,0.8726821541786194
izgraditi,6.0,izgradila,0.8539736270904541
izgraditi,7.0,izgradili,0.8514615297317505
izgraditi,8.0,izgradio,0.8468104004859924
izgraditi,9.0,izgrade,0.845253586769104
izgraditi,10.0,izraditi,0.8407348394393921
nastavljati,,,
dostavljati,,,
završiti,1.0,završiš,0.9145310521125793
završiti,2.0,završi,0.9124711751937866
završiti,3.0,završite,0.9079428315162659
završiti,4.0,završimo,0.902938961982727
završiti,5.0,završim,0.9028503894805908
završiti,6.0,završilo,0.8758337497711182
završiti,7.0,završivši,0.8650050759315491
završiti,8.0,završe,0.8633559942245483
završiti,9.0,završile,0.8605248332023621
završiti,10.0,dovršiti,0.8604279160499573
izvršiti,1.0,izvrši,0.9152313470840454
izvršiti,2.0,izvršavati,0.911210834980011
izvršiti,3.0,vršiti,0.909837007522583
izvršiti,4.0,izvršimo,0.9089722633361816
izvršiti,5.0,izvrše,0.9002854228019714
izvršiti,6.0,izvršilo,0.8786655068397522
izvršiti,7.0,dovršiti,0.8631798624992371
izvršiti,8.0,izvršile,0.8616544604301453
izvršiti,9.0,izvlačiti,0.8458448648452759
izvršiti,10.0,izvršene,0.8442946672439575
dovršiti,1.0,vršiti,0.9157698750495911
dovršiti,2.0,dovrši,0.8691388368606567
dovršiti,3.0,izvršiti,0.8631799817085266
dovršiti,4.0,završiti,0.8604278564453125
dovršiti,5.0,izvaditi,0.8549584150314331
dovršiti,6.0,izvlačiti,0.8515983819961548
dovršiti,7.0,srušiti,0.8507062196731567
dovršiti,8.0,odložiti,0.8442979454994202
dovršiti,9.0,razrešiti,0.8388286828994751
dovršiti,10.0,uvažiti,0.8354287147521973
zatražiti,1.0,tražiti,0.9305192828178406
zatražiti,2.0,potražiti,0.9227622747421265
zatražiti,3.0,zatraži,0.910903811454773
zatražiti,4.0,zatraže,0.8915562629699707
zatražiti,5.0,zatražio,0.863223671913147
zatražiti,6.0,uvažiti,0.8597472310066223
zatražiti,7.0,zatražili,0.8588691353797913
zatražiti,8.0,zatražila,0.8582547903060913
zatražiti,9.0,odložiti,0.8453483581542969
zatražiti,10.0,ponuditi,0.8436337113380432
pronaći,1.0,pronađu,0.9249588251113892
pronaći,2.0,pronađi,0.921244204044342
pronaći,3.0,pronađe,0.901128888130188
pronaći,4.0,pronađete,0.8961182236671448
pronaći,5.0,pronađemo,0.8946303725242615
pronaći,6.0,pronađem,0.8929145336151123
pronaći,7.0,pronašle,0.8880090713500977
pronaći,8.0,pronađite,0.877839207649231
pronaći,9.0,pronašlo,0.8748711347579956
pronaći,10.0,pronalaze,0.8707336783409119
sakupiti,1.0,kupiti,0.9168968796730042
sakupiti,2.0,sakupi,0.8899511098861694
sakupiti,3.0,prikupiti,0.8813326954841614
sakupiti,4.0,skupiti,0.8764774203300476
sakupiti,5.0,okupiti,0.8761417865753174
sakupiti,6.0,sakupe,0.860826313495636
sakupiti,7.0,upiti,0.8500077128410339
sakupiti,8.0,lupiti,0.8477698564529419
sakupiti,9.0,izvaditi,0.8402608633041382
sakupiti,10.0,sakupila,0.8318839073181152
prikupiti,1.0,prikupi,0.9249272346496582
prikupiti,2.0,prikupe,0.9020912051200867
prikupiti,3.0,sakupiti,0.8813326358795166
prikupiti,4.0,prikupio,0.8764711618423462
prikupiti,5.0,prikupili,0.8710679411888123
prikupiti,6.0,kupiti,0.868475079536438
prikupiti,7.0,okupiti,0.8673131465911865
prikupiti,8.0,prikuplja,0.862337052822113
prikupiti,9.0,skupiti,0.8617111444473267
prikupiti,10.0,izvlačiti,0.8571686148643494
napraviti,1.0,napravi,0.8988356590270996
napraviti,2.0,napraviš,0.8972054123878479
napraviti,3.0,napravite,0.8971995711326599
napraviti,4.0,praviti,0.8865426182746887
napraviti,5.0,popraviti,0.8840425610542297
napraviti,6.0,napravimo,0.880862832069397
napraviti,7.0,napraviću,0.8786521553993225
napraviti,8.0,napravim,0.8717374205589294
napraviti,9.0,napravis,0.8648527264595032
napraviti,10.0,napravile,0.8646258115768433
zateći,,,
proteći,,,
uzviknuti,,,
naviknuti,,,
naterati,1.0,isterati,0.8948687314987183
naterati,2.0,terati,0.8919379115104675
naterati,3.0,nateraju,0.8450374007225037
naterati,4.0,proterati,0.8261865377426147
naterati,5.0,nateralo,0.825563907623291
naterati,6.0,naterala,0.8203105330467224
naterati,7.0,uzvrati,0.8200932145118713
naterati,8.0,naterao,0.8158876895904541
naterati,9.0,natera,0.8145833611488342
naterati,10.0,mazerati,0.8128156065940857
napiti,,,
pročitati,1.0,očitati,0.9374083876609802
pročitati,2.0,pročitate,0.9189649224281311
pročitati,3.0,pročitajmo,0.90987628698349
pročitati,4.0,pročitaš,0.9084109663963318
pročitati,5.0,čitati,0.9078567624092102
pročitati,6.0,pročita,0.907035231590271
pročitati,7.0,pročitajte,0.9058707356452942
pročitati,8.0,pročitaj,0.9054586291313171
pročitati,9.0,pročitah,0.8993467688560486
pročitati,10.0,pročitaju,0.8980798721313477
napuštati,,,
dopuštati,,,
razviti,1.0,razvijati,0.8964143395423889
razviti,2.0,razvitku,0.8768553733825684
razviti,3.0,razvitka,0.874114990234375
razviti,4.0,razviće,0.8714713454246521
razviti,5.0,razviću,0.8576635718345642
razviti,6.0,razvitkom,0.8516890406608582
razviti,7.0,razvrstati,0.8484495282173157
razviti,8.0,razvitak,0.846653163433075
razviti,9.0,razvije,0.8434361815452576
razviti,10.0,razvijaju,0.837447464466095
saviti,,,
zaslužiti,,,
zaljubiti,,,
podsećati,,,
nastupiti,1.0,nastupati,0.9190642833709717
nastupiti,2.0,nastupi,0.9168834090232849
nastupiti,3.0,nastupilo,0.8971163034439087
nastupiti,4.0,nastupile,0.8901358842849731
nastupiti,5.0,nastupe,0.886533260345459
nastupiti,6.0,nastupila,0.8858471512794495
nastupiti,7.0,nastupima,0.8849204182624817
nastupiti,8.0,stupiti,0.8804870843887329
nastupiti,9.0,nastupu,0.8782486319541931
nastupiti,10.0,nastupio,0.8771501779556274
pristupiti,1.0,pristupati,0.9386780858039856
pristupiti,2.0,pristupi,0.9341286420822144
pristupiti,3.0,pristupim,0.9251723289489746
pristupiti,4.0,pristupilo,0.9144448637962341
pristupiti,5.0,pristupe,0.9061853885650635
pristupiti,6.0,pristupima,0.902617335319519
pristupiti,7.0,pristupu,0.8996227383613586
pristupiti,8.0,pristupio,0.8986964821815491
pristupiti,9.0,pristupili,0.8945009708404541
pristupiti,10.0,pristupaju,0.8904542922973633
započeti,1.0,započetih,0.9402293562889099
započeti,2.0,započete,0.9401159882545471
započeti,3.0,započet,0.9363594055175781
započeti,4.0,započeto,0.9352312088012695
započeti,5.0,započeta,0.9232959151268005
započeti,6.0,započetom,0.9185906052589417
započeti,7.0,početi,0.8741917610168457
započeti,8.0,započelo,0.8728640079498291
započeti,9.0,započele,0.8724461793899536
započeti,10.0,započinjati,0.8678333163261414
dodeliti,1.0,dodelite,0.8614518642425537
dodeliti,2.0,podeliti,0.8538517355918884
dodeliti,3.0,dodeli,0.8497307300567627
dodeliti,4.0,dodele,0.8331035375595093
dodeliti,5.0,dodeljuju,0.8297175168991089
dodeliti,6.0,dodelili,0.8135350346565247
dodeliti,7.0,dodelu,0.8119243383407593
dodeliti,8.0,dodelio,0.8072949647903442
dodeliti,9.0,dodeljuje,0.8026487827301025
dodeliti,10.0,dodeljujući,0.8013700246810913
priličiti,,,
savladati,1.0,vladati,0.903721034526825
savladati,2.0,savladaju,0.8936544060707092
savladati,3.0,savladali,0.8866860866546631
savladati,4.0,savladao,0.8741359710693359
savladati,5.0,savlada,0.8725041151046753
savladati,6.0,zadati,0.8420346975326538
savladati,7.0,opadati,0.8350195288658142
savladati,8.0,padati,0.8347262144088745
savladati,9.0,poduhvati,0.826606273651123
savladati,10.0,zavladao,0.8256273865699768
prihvatati,,,
uplatiti,,,
podsetiti,1.0,podseti,0.9324954748153687
podsetiti,2.0,osetiti,0.9115564227104187
podsetiti,3.0,posetiti,0.8707419037818909
podsetiti,4.0,dopustiti,0.864996612071991
podsetiti,5.0,podsetim,0.8641893267631531
podsetiti,6.0,podsetimo,0.8606148362159729
podsetiti,7.0,uputiti,0.8571897149085999
podsetiti,8.0,pamtiti,0.856512188911438
podsetiti,9.0,primijetiti,0.8549849987030029
podsetiti,10.0,odložiti,0.8532001972198486
dosetiti,,,
uzdizati,,,
nametati,,,
uplašiti,,,
udesiti,,,
ukazivati,1.0,dokazivati,0.9464916586875916
ukazivati,2.0,pokazivati,0.9278895258903503
ukazivati,3.0,upućivati,0.8908606171607971
ukazivati,4.0,ocekivati,0.8841270804405212
ukazivati,5.0,nazivati,0.8838999271392822
ukazivati,6.0,uživati,0.8828693628311157
ukazivati,7.0,prikazivati,0.8801905512809753
ukazivati,8.0,prozivati,0.8732219934463501
ukazivati,9.0,pozivati,0.8636833429336548
ukazivati,10.0,ukazati,0.8634845018386841
prikazivati,1.0,prikazati,0.9000791311264038
prikazivati,2.0,prikazivan,0.8936664462089539
prikazivati,3.0,prikazivane,0.8936545252799988
prikazivati,4.0,prikazi,0.8926173448562622
prikazivati,5.0,prikazivao,0.8903616070747375
prikazivati,6.0,prikazivala,0.8839489817619324
prikazivati,7.0,prikazivani,0.8837707042694092
prikazivati,8.0,ukazivati,0.8801905512809753
prikazivati,9.0,prikazima,0.8794012665748596
prikazivati,10.0,prikazivana,0.8779162168502808
dokazivati,1.0,ukazivati,0.9464916586875916
dokazivati,2.0,pokazivati,0.939056932926178
dokazivati,3.0,dokazati,0.8817274570465088
dokazivati,4.0,ocekivati,0.8724452257156372
dokazivati,5.0,upućivati,0.8689718842506409
dokazivati,6.0,nazivati,0.866999089717865
dokazivati,7.0,prozivati,0.8622193932533264
dokazivati,8.0,uživati,0.8570687770843506
dokazivati,9.0,očekivati,0.8533452153205872
dokazivati,10.0,prikazivati,0.8528412580490112
usuditi,,,
prepoznavati,,,
naznačiti,1.0,značiti,0.930604875087738
naznačiti,2.0,označiti,0.9068678021430969
naznačiti,3.0,naznači,0.9026540517807007
naznačiti,4.0,izvlačiti,0.8815697431564331
naznačiti,5.0,okačiti,0.8752096891403198
naznačiti,6.0,protumačiti,0.8663588762283325
naznačiti,7.0,naučiti,0.863055408000946
naznačiti,8.0,naznačio,0.861379086971283
naznačiti,9.0,uvažiti,0.8592715859413147
naznačiti,10.0,tumačiti,0.851978600025177
uslediti,1.0,slediti,0.9305464029312134
uslediti,2.0,proslediti,0.8965656757354736
uslediti,3.0,ubediti,0.8723933100700378
uslediti,4.0,naslediti,0.8696005344390869
uslediti,5.0,krediti,0.8493800759315491
uslediti,6.0,pobuditi,0.8427411913871765
uslediti,7.0,dosuditi,0.8417912721633911
uslediti,8.0,dogoditi,0.8383869528770447
uslediti,9.0,urediti,0.8383422493934631
uslediti,10.0,porediti,0.837749719619751
obuhvatiti,1.0,obuhvati,0.9635143280029297
obuhvatiti,2.0,obuhvatati,0.9359592795372009
obuhvatiti,3.0,uhvatiti,0.8953576683998108
obuhvatiti,4.0,obuhvate,0.8936609625816345
obuhvatiti,5.0,obuhvatio,0.8649775385856628
obuhvatiti,6.0,obuhvatila,0.8633086681365967
obuhvatiti,7.0,obuhvatali,0.8571500182151794
obuhvatiti,8.0,obuhvatni,0.8559920787811279
obuhvatiti,9.0,obuhvata,0.8521738648414612
obuhvatiti,10.0,obuhvatajući,0.8461050987243652
sačuvati,1.0,čuvati,0.9290613532066345
sačuvati,2.0,očuvati,0.884168267250061
sačuvati,3.0,sačuva,0.8679019808769226
sačuvati,4.0,sacuvati,0.8658817410469055
sačuvati,5.0,sačuvaj,0.8516502380371094
sačuvati,6.0,sačuvanu,0.8374918699264526
sačuvati,7.0,upisivati,0.8315131068229675
sačuvati,8.0,davati,0.8314352631568909
sačuvati,9.0,zvati,0.8301401734352112
sačuvati,10.0,korigovati,0.8299791812896729
odustati,1.0,nestati,0.8430784344673157
odustati,2.0,prestati,0.8386767506599426
odustati,3.0,opstati,0.8371900916099548
odustati,4.0,svađati,0.8301297426223755
odustati,5.0,odustanu,0.8300318717956543
odustati,6.0,odustanem,0.826799750328064
odustati,7.0,opozvati,0.8238016963005066
odustati,8.0,sačekati,0.8231227993965149
odustati,9.0,odustane,0.8219807744026184
odustati,10.0,vređati,0.820144534111023
zavisiti,1.0,zavisi,0.864261269569397
zavisiti,2.0,zavisilo,0.847165584564209
zavisiti,3.0,zavisio,0.8320264220237732
zavisiti,4.0,zavisila,0.8288142681121826
zavisiti,5.0,zavise,0.8219348192214966
zavisiti,6.0,zavisno,0.8086780309677124
zavisiti,7.0,korisiti,0.8076431155204773
zavisiti,8.0,ublažiti,0.8057400584220886
zavisiti,9.0,zavisan,0.7999667525291443
zavisiti,10.0,snositi,0.7972140312194824
izgubiti,1.0,gubiti,0.9189680218696594
izgubiti,2.0,izgubiće,0.9144325852394104
izgubiti,3.0,izgubi,0.8985009789466858
izgubiti,4.0,izgubilo,0.8660978674888611
izgubiti,5.0,pobiti,0.8646032810211182
izgubiti,6.0,izgubio,0.8592224717140198
izgubiti,7.0,izgubivši,0.8568774461746216
izgubiti,8.0,ubiti,0.8444902300834656
izgubiti,9.0,izgube,0.8433101773262024
izgubiti,10.0,odbiti,0.8431646823883057
obući,1.0,obuću,0.8822914361953735
obući,2.0,obuće,0.859310507774353
obući,3.0,vrući,0.8584118485450745
obući,4.0,obuče,0.8583316802978516
obući,5.0,zahvatajući,0.8537397384643555
obući,6.0,tući,0.8512845039367676
obući,7.0,uvući,0.8455801010131836
obući,8.0,obukao,0.8435432314872742
obući,9.0,obuhvatajući,0.8409575819969177
obući,10.0,plešući,0.8396714925765991
odvijati,1.0,odvijaju,0.8631740808486938
odvijati,2.0,odvijalo,0.8446683287620544
odvijati,3.0,odvija,0.8410664200782776
odvijati,4.0,odvijao,0.8402352929115295
odvijati,5.0,opijati,0.8199033737182617
odvijati,6.0,razvijati,0.8164569139480591
odvijati,7.0,smejati,0.8037410378456116
odvijati,8.0,odvijala,0.7987774610519409
odvijati,9.0,bežati,0.79127436876297
odvijati,10.0,obavljati,0.7880125045776367
razvijati,1.0,razvijaju,0.8965886235237122
razvijati,2.0,razviti,0.8964143395423889
razvijati,3.0,razvijač,0.8934625387191772
razvijati,4.0,razvija,0.891330361366272
razvijati,5.0,razvijane,0.8840140700340271
razvijati,6.0,razvijao,0.881624162197113
razvijati,7.0,razvijale,0.875707745552063
razvijati,8.0,razvijan,0.8699054718017578
razvijati,9.0,razvijajući,0.8664968013763428
razvijati,10.0,razvijali,0.8651928305625916
savijati,,,
uvijati,,,
prošetati,,,
izložiti,,,
odložiti,1.0,uložiti,0.9203318357467651
odložiti,2.0,odloži,0.9023077487945557
odložiti,3.0,odlože,0.8929670453071594
odložiti,4.0,ublažiti,0.8838012218475342
odložiti,5.0,predložiti,0.8825690746307373
odložiti,6.0,složiti,0.8807200789451599
odložiti,7.0,uvažiti,0.8800817728042603
odložiti,8.0,razložiti,0.8759251832962036
odložiti,9.0,položiti,0.8746035099029541
odložiti,10.0,odbiti,0.8743407130241394
uložiti,1.0,odložiti,0.9203318357467651
uložiti,2.0,složiti,0.890078067779541
uložiti,3.0,uvažiti,0.8809109926223755
uložiti,4.0,ublažiti,0.8730897307395935
uložiti,5.0,uloži,0.8718007206916809
uložiti,6.0,važiti,0.8632013201713562
uložiti,7.0,razložiti,0.8627783060073853
uložiti,8.0,težiti,0.860791802406311
uložiti,9.0,položiti,0.8534201979637146
uložiti,10.0,odbiti,0.8435899019241333
umešati,,,
nastupati,1.0,nastupam,0.9209214448928833
nastupati,2.0,nastupiti,0.9190642237663269
nastupati,3.0,nastupa,0.9141890406608582
nastupati,4.0,nastupi,0.9104259610176086
nastupati,5.0,nastupaju,0.9087841510772705
nastupati,6.0,nastupu,0.9062376618385315
nastupati,7.0,nastupe,0.9051305055618286
nastupati,8.0,nastupali,0.9032187461853027
nastupati,9.0,nastupala,0.8965457677841187
nastupati,10.0,nastupale,0.8931840062141418
zastupati,1.0,zastupaš,0.9327302575111389
zastupati,2.0,zastupa,0.9159641265869141
zastupati,3.0,zastupaju,0.9061956405639648
zastupati,4.0,zastupali,0.8965258002281189
zastupati,5.0,zastupala,0.888976514339447
zastupati,6.0,zastupao,0.8848285675048828
zastupati,7.0,zastupnike,0.8767274022102356
zastupati,8.0,zastupajući,0.8671841621398926
zastupati,9.0,postupati,0.8632593154907227
zastupati,10.0,zastupanju,0.8613131046295166
pristupati,1.0,pristupiti,0.9386781454086304
pristupati,2.0,pristupi,0.933577835559845
pristupati,3.0,pristupa,0.9280130863189697
pristupati,4.0,pristupe,0.9255936741828918
pristupati,5.0,pristupu,0.924098789691925
pristupati,6.0,pristupaju,0.9234310388565063
pristupati,7.0,pristupačan,0.9224891066551208
pristupati,8.0,pristupim,0.9223747849464417
pristupati,9.0,pristupačne,0.9209152460098267
pristupati,10.0,pristupačni,0.9159538149833679
sahraniti,,,
nasmejati,,,
probuditi,,,
proglasiti,1.0,proglasi,0.9204868078231812
proglasiti,2.0,oglasiti,0.9204657673835754
proglasiti,3.0,proglase,0.8903913497924805
proglasiti,4.0,proglasile,0.8874831795692444
proglasiti,5.0,proglasili,0.8858813643455505
proglasiti,6.0,proglasila,0.8805466890335083
proglasiti,7.0,proglasio,0.8765422105789185
proglasiti,8.0,proglas,0.8616935610771179
proglasiti,9.0,proglašavaš,0.8595554232597351
proglasiti,10.0,proglasen,0.8594503998756409
naglasiti,1.0,oglasiti,0.9145919680595398
naglasiti,2.0,naglasi,0.8999402523040771
naglasiti,3.0,naglasim,0.8863228559494019
naglasiti,4.0,naglasio,0.8436265587806702
naglasiti,5.0,spasiti,0.842450737953186
naglasiti,6.0,naglasila,0.8423197269439697
naglasiti,7.0,proglasiti,0.8422489166259766
naglasiti,8.0,naglasak,0.8396369218826294
naglasiti,9.0,posumnjati,0.8381633758544922
naglasiti,10.0,naznačiti,0.8368392586708069
saglasiti,,,
umiriti,,,
provesti,1.0,sprovesti,0.8984206914901733
provesti,2.0,odvesti,0.8866102695465088
provesti,3.0,podvesti,0.8597285747528076
provesti,4.0,uvesti,0.8527592420578003
provesti,5.0,povesti,0.8365268707275391
provesti,6.0,provede,0.8347310423851013
provesti,7.0,provedu,0.8289071321487427
provesti,8.0,proveravati,0.8269436359405518
provesti,9.0,zapovesti,0.8266479969024658
provesti,10.0,besvesti,0.8262979388237
dovesti,1.0,uvesti,0.8466939926147461
dovesti,2.0,odvesti,0.8465312719345093
dovesti,3.0,svesti,0.8328896164894104
dovesti,4.0,besvesti,0.8324317336082458
dovesti,5.0,dovešće,0.8317837715148926
dovesti,6.0,povesti,0.82292640209198
dovesti,7.0,podvesti,0.8133453130722046
dovesti,8.0,dovoditi,0.8116353750228882
dovesti,9.0,izvesti,0.8097980618476868
dovesti,10.0,dovede,0.8076992630958557
odvesti,1.0,podvesti,0.948462188243866
odvesti,2.0,uvesti,0.9155747890472412
odvesti,3.0,besvesti,0.8876410722732544
odvesti,4.0,provesti,0.8866103291511536
odvesti,5.0,svesti,0.8761643767356873
odvesti,6.0,povesti,0.8724560737609863
odvesti,7.0,zapovesti,0.8719560503959656
odvesti,8.0,ispovesti,0.8701429963111877
odvesti,9.0,navesti,0.8689804673194885
odvesti,10.0,obavesti,0.8585233688354492
izvesti,1.0,uvesti,0.8693797588348389
izvesti,2.0,izvestaj,0.8653472661972046
izvesti,3.0,izvestio,0.8610630035400391
izvesti,4.0,odvesti,0.8496224880218506
izvesti,5.0,izvestaja,0.8295413255691528
izvesti,6.0,podvesti,0.8280628323554993
izvesti,7.0,svesti,0.8173795938491821
izvesti,8.0,izvestan,0.8159487843513489
izvesti,9.0,dovesti,0.809798002243042
izvesti,10.0,proizvesti,0.8082826137542725
navesti,1.0,uvesti,0.8702094554901123
navesti,2.0,odvesti,0.8689804673194885
navesti,3.0,podvesti,0.8660451173782349
navesti,4.0,savesti,0.8653246164321899
navesti,5.0,obavesti,0.8546990156173706
navesti,6.0,prevesti,0.8389484286308289
navesti,7.0,povesti,0.8307244777679443
navesti,8.0,besvesti,0.8253634572029114
navesti,9.0,ispovesti,0.8252550959587097
navesti,10.0,obavestiti,0.8208492398262024
uvesti,1.0,odvesti,0.9155747890472412
uvesti,2.0,podvesti,0.8899056315422058
uvesti,3.0,svesti,0.882854700088501
uvesti,4.0,besvesti,0.8822137117385864
uvesti,5.0,navesti,0.8702095150947571
uvesti,6.0,izvesti,0.8693797588348389
uvesti,7.0,provesti,0.8527593016624451
uvesti,8.0,obavesti,0.8474944829940796
uvesti,9.0,dovesti,0.8466939926147461
uvesti,10.0,savesti,0.8444703817367554
prevesti,1.0,prevedu,0.8579960465431213
prevesti,2.0,prevede,0.8531748056411743
prevesti,3.0,odvesti,0.8503741025924683
prevesti,4.0,prevedeš,0.8414435982704163
prevesti,5.0,uvesti,0.8390005230903625
prevesti,6.0,navesti,0.8389485478401184
prevesti,7.0,prevedem,0.8382568955421448
prevesti,8.0,podvesti,0.8345655202865601
prevesti,9.0,prevariti,0.8153656721115112
prevesti,10.0,juznevesti,0.8100131154060364
zaboraviti,1.0,zaboravi,0.9080386757850647
zaboraviti,2.0,zaboravite,0.9032328724861145
zaboraviti,3.0,zaboravimo,0.889971137046814
zaboraviti,4.0,zaboravim,0.8862112164497375
zaboraviti,5.0,zaboravih,0.880669355392456
zaboraviti,6.0,zaborave,0.8743429183959961
zaboraviti,7.0,zaborav,0.8742012977600098
zaboraviti,8.0,zaboravljamo,0.8614299893379211
zaboraviti,9.0,prepraviti,0.8496456742286682
zaboraviti,10.0,zaboravili,0.8479512333869934
napuniti,1.0,puniti,0.9132002592086792
napuniti,2.0,popuniti,0.8847693800926208
napuniti,3.0,ispuniti,0.8760407567024231
napuniti,4.0,buniti,0.8708621263504028
napuniti,5.0,napuni,0.8630130887031555
napuniti,6.0,dopuniti,0.8534539937973022
napuniti,7.0,napustiti,0.8466647863388062
napuniti,8.0,juniti,0.8393327593803406
napuniti,9.0,narušiti,0.8338215947151184
napuniti,10.0,pobuditi,0.8323618769645691
zabraniti,1.0,zabrani,0.8928921818733215
zabraniti,2.0,zabranio,0.8823748826980591
zabraniti,3.0,zabranu,0.8764175772666931
zabraniti,4.0,braniti,0.8680630326271057
zabraniti,5.0,zabranile,0.8627875447273254
zabraniti,6.0,zabrane,0.8598138093948364
zabraniti,7.0,zabranila,0.8584463596343994
zabraniti,8.0,zabranili,0.8523255586624146
zabraniti,9.0,zabranjuje,0.8355386257171631
zabraniti,10.0,zabranjenu,0.8346505165100098
odbraniti,,,
proizvesti,1.0,proizvedu,0.9214996099472046
proizvesti,2.0,proizvede,0.9175633192062378
proizvesti,3.0,proizvelo,0.9106834530830383
proizvesti,4.0,proizvele,0.9096362590789795
proizvesti,5.0,proizveo,0.9007989764213562
proizvesti,6.0,proizveli,0.8927019834518433
proizvesti,7.0,proizvoditi,0.8911697864532471
proizvesti,8.0,proizvodu,0.8854494690895081
proizvesti,9.0,proizvela,0.8841352462768555
proizvesti,10.0,proizvedenu,0.8826634883880615
izbrisati,1.0,obrisati,0.9389495849609375
izbrisati,2.0,brisati,0.9356784224510193
izbrisati,3.0,izbrisan,0.8728609681129456
izbrisati,4.0,izbrišem,0.8659530878067017
izbrisati,5.0,ignorisati,0.8632704615592957
izbrisati,6.0,izbriši,0.8626201152801514
izbrisati,7.0,izbrisane,0.8601007461547852
izbrisati,8.0,izbrišu,0.8600240349769592
izbrisati,9.0,izbrisao,0.8529708981513977
izbrisati,10.0,izbriše,0.8523615002632141
započinjati,1.0,započinju,0.9042040109634399
započinjati,2.0,započinje,0.8932704925537109
započinjati,3.0,započinjanjem,0.8748618960380554
započinjati,4.0,započinjanja,0.8747394680976868
započinjati,5.0,započeti,0.8678333759307861
započinjati,6.0,započinjanje,0.8633890151977539
započinjati,7.0,počinješ,0.8621159791946411
započinjati,8.0,počinjemo,0.860522985458374
započinjati,9.0,počinjao,0.8600387573242188
započinjati,10.0,započne,0.8595458269119263
proizvoditi,1.0,proizvodi,0.9393866062164307
proizvoditi,2.0,proizvodu,0.9369896650314331
proizvoditi,3.0,proizvodio,0.9291492104530334
proizvoditi,4.0,proizvodom,0.926095187664032
proizvoditi,5.0,proizvodile,0.9237062335014343
proizvoditi,6.0,proizvod,0.9225095510482788
proizvoditi,7.0,proizvode,0.9225040078163147
proizvoditi,8.0,proizvodima,0.9214701056480408
proizvoditi,9.0,proizvodeći,0.9177948832511902
proizvoditi,10.0,proizvodili,0.908829391002655
zabeležiti,1.0,zabeleži,0.9434864521026611
zabeležiti,2.0,obeležiti,0.9040672183036804
zabeležiti,3.0,zabeležila,0.8890004754066467
zabeležiti,4.0,zabeležio,0.8878373503684998
zabeležiti,5.0,zabeležen,0.8673840761184692
zabeležiti,6.0,zabeleženi,0.8648214340209961
zabeležiti,7.0,zabeležene,0.8571441173553467
zabeležiti,8.0,zabeleženo,0.8450586199760437
zabeležiti,9.0,uvažiti,0.8402536511421204
zabeležiti,10.0,zabeležena,0.8399289846420288
zapaziti,1.0,paziti,0.900206983089447
zapaziti,2.0,zapaliti,0.8774213790893555
zapaziti,3.0,zapazi,0.8762621879577637
zapaziti,4.0,zapamti,0.8701344132423401
zapaziti,5.0,sniziti,0.8545674681663513
zapaziti,6.0,traziti,0.8510559797286987
zapaziti,7.0,ulaziti,0.8498029708862305
zapaziti,8.0,poraziti,0.8478215932846069
zapaziti,9.0,uočiti,0.8470802307128906
zapaziti,10.0,ublažiti,0.8445115685462952
utvrditi,1.0,tvrditi,0.9319446682929993
utvrditi,2.0,potvrditi,0.9030472040176392
utvrditi,3.0,utvrdi,0.8811283111572266
utvrditi,4.0,utvrdilo,0.8497570753097534
utvrditi,5.0,dosuditi,0.8471477031707764
utvrditi,6.0,suditi,0.839614987373352
utvrditi,7.0,narušiti,0.8350430727005005
utvrditi,8.0,pobuditi,0.83382248878479
utvrditi,9.0,dogoditi,0.8327716588973999
utvrditi,10.0,utvrdimo,0.8310295343399048
napomenuti,1.0,napomenuto,0.9383945465087891
napomenuti,2.0,pomenuti,0.9180535674095154
napomenuti,3.0,opomenuti,0.9173572063446045
napomenuti,4.0,napomenuo,0.9122600555419922
napomenuti,5.0,napomenu,0.9090980291366577
napomenuti,6.0,napomenula,0.9058243036270142
napomenuti,7.0,napomeni,0.8750094175338745
napomenuti,8.0,napomenem,0.8670498132705688
napomenuti,9.0,pomenutim,0.8617596626281738
napomenuti,10.0,napomene,0.8587165474891663
proceniti,1.0,oceniti,0.893412172794342
proceniti,2.0,proceni,0.891308605670929
proceniti,3.0,procenu,0.8643467426300049
proceniti,4.0,procentualno,0.8545743227005005
proceniti,5.0,procentu,0.8532627820968628
proceniti,6.0,procenio,0.8500706553459167
proceniti,7.0,procenti,0.8485535979270935
proceniti,8.0,procene,0.8484658002853394
proceniti,9.0,procenjene,0.8483303189277649
proceniti,10.0,procenat,0.8455920815467834
zapamtiti,,,
događati,,,
zapaliti,1.0,upaliti,0.9289750456809998
zapaliti,2.0,spaliti,0.8929624557495117
zapaliti,3.0,zapaziti,0.8774213194847107
zapaliti,4.0,zapali,0.8536727428436279
zapaliti,5.0,zapalio,0.8345710039138794
zapaliti,6.0,zapaljivi,0.8235952854156494
zapaliti,7.0,zapalile,0.8203379511833191
zapaliti,8.0,zapalila,0.8168704509735107
zapaliti,9.0,zapalo,0.8152920007705688
zapaliti,10.0,zapalili,0.8149579763412476
upaliti,1.0,spaliti,0.9297546744346619
upaliti,2.0,zapaliti,0.9289749264717102
upaliti,3.0,ublažiti,0.8375529646873474
upaliti,4.0,srušiti,0.8307241201400757
upaliti,5.0,gajiti,0.8299441337585449
upaliti,6.0,zapaziti,0.828781247138977
upaliti,7.0,hladiti,0.822013795375824
upaliti,8.0,izvaditi,0.8216695189476013
upaliti,9.0,obojiti,0.821611225605011
upaliti,10.0,oštetiti,0.8213151097297668
odmoriti,,,
izboriti,,,
razlikovati,1.0,razlikovalo,0.8665259480476379
razlikovati,2.0,razlikovale,0.8608946204185486
razlikovati,3.0,razlikovala,0.8596222996711731
razlikovati,4.0,falsifikovati,0.8514053821563721
razlikovati,5.0,razliciti,0.8498455286026001
razlikovati,6.0,razlikovali,0.844332218170166
razlikovati,7.0,korigovati,0.8396738767623901
razlikovati,8.0,razlikovao,0.8388809561729431
razlikovati,9.0,kvantifikovati,0.8379360437393188
razlikovati,10.0,razlikujemo,0.8340938687324524
oblikovati,,,
odlikovati,,,
zagrliti,,,
preseliti,1.0,preseli,0.8793177008628845
preseliti,2.0,preselili,0.856164813041687
preseliti,3.0,presele,0.8561254739761353
preseliti,4.0,preselio,0.8468188047409058
preseliti,5.0,preselila,0.8448013067245483
preseliti,6.0,preseče,0.8414318561553955
preseliti,7.0,preskočiti,0.8235141634941101
preseliti,8.0,preseljava,0.8214935064315796
preseliti,9.0,preseljen,0.8183340430259705
preseliti,10.0,presekli,0.8178831338882446
primiti,1.0,poprimiti,0.887340784072876
primiti,2.0,primijetiti,0.8655019998550415
primiti,3.0,primi,0.846018373966217
primiti,4.0,primati,0.8274438381195068
primiti,5.0,primijeniti,0.8273487091064453
primiti,6.0,primite,0.7920970320701599
primiti,7.0,primile,0.7751334309577942
primiti,8.0,primilo,0.7672536373138428
primiti,9.0,primirje,0.7659177780151367
primiti,10.0,primitivni,0.7649292945861816
umiti,,,
začuditi,,,
odmahnuti,,,
preporučiti,1.0,preporučljiv,0.9180665612220764
preporučiti,2.0,preporučujemo,0.9174076318740845
preporučiti,3.0,preporučio,0.9135721921920776
preporučiti,4.0,preporučujem,0.9117287397384644
preporučiti,5.0,preporučen,0.9102843999862671
preporučiti,6.0,preporučljivo,0.9041048288345337
preporučiti,7.0,preporučene,0.9039806723594666
preporučiti,8.0,preporučuju,0.9030829668045044
preporučiti,9.0,preporučila,0.9016113877296448
preporučiti,10.0,preporučuje,0.9012098908424377
susretati,,,
prekidati,,,
proširiti,1.0,proširi,0.915061891078949
proširiti,2.0,proširivati,0.9027743935585022
proširiti,3.0,širiti,0.8988226056098938
proširiti,4.0,proširim,0.8937446475028992
proširiti,5.0,proširimo,0.8934906721115112
proširiti,6.0,prošire,0.8754399418830872
proširiti,7.0,proširilo,0.8700060844421387
proširiti,8.0,proširile,0.8569781184196472
proširiti,9.0,proširili,0.8506306409835815
proširiti,10.0,proširio,0.8482410907745361
uklanjati,1.0,uklanjaš,0.9203411340713501
uklanjati,2.0,uklanjaju,0.8793424963951111
uklanjati,3.0,uklanja,0.878402829170227
uklanjati,4.0,uklanjao,0.8762255311012268
uklanjati,5.0,oslanjati,0.8455562591552734
uklanjati,6.0,uklanjajući,0.8402441740036011
uklanjati,7.0,smejati,0.8319246768951416
uklanjati,8.0,ukloniti,0.8313226699829102
uklanjati,9.0,uklanjanjem,0.8289755582809448
uklanjati,10.0,uklanjanja,0.825613796710968
sušiti,,,
odrediti,1.0,krediti,0.876954972743988
odrediti,2.0,odredite,0.8751223087310791
odrediti,3.0,odredi,0.8720284104347229
odrediti,4.0,odrediva,0.8659070730209351
odrediti,5.0,porediti,0.8501980900764465
odrediti,6.0,obezbijediti,0.8489072918891907
odrediti,7.0,odredilo,0.847554087638855
odrediti,8.0,odredimo,0.8435126543045044
odrediti,9.0,uporediti,0.8427883386611938
odrediti,10.0,urediti,0.8393880128860474
narediti,1.0,krediti,0.8662147521972656
narediti,2.0,ubediti,0.8647260665893555
narediti,3.0,narušiti,0.8643285632133484
narediti,4.0,naredi,0.8604416847229004
narediti,5.0,preurediti,0.8573172688484192
narediti,6.0,izvaditi,0.8529304265975952
narediti,7.0,urediti,0.8508490324020386
narediti,8.0,obezbijediti,0.847517192363739
narediti,9.0,slediti,0.8462125658988953
narediti,10.0,dosuditi,0.843087375164032
urediti,1.0,krediti,0.9108401536941528
urediti,2.0,preurediti,0.9048420786857605
urediti,3.0,srediti,0.883776068687439
urediti,4.0,porediti,0.8781542181968689
urediti,5.0,slediti,0.867705762386322
urediti,6.0,ubediti,0.8665792346000671
urediti,7.0,uporediti,0.8649961352348328
urediti,8.0,proslediti,0.8518234491348267
urediti,9.0,narediti,0.8508491516113281
urediti,10.0,odrediti,0.8393880128860474
prirediti,,,
izvaditi,1.0,vaditi,0.9183384776115417
izvaditi,2.0,izvlačiti,0.8938316702842712
izvaditi,3.0,hladiti,0.8854396939277649
izvaditi,4.0,pobuditi,0.878761887550354
izvaditi,5.0,ublažiti,0.8745546340942383
izvaditi,6.0,uvažiti,0.8735089898109436
izvaditi,7.0,poraditi,0.8718381524085999
izvaditi,8.0,uraditi,0.8634357452392578
izvaditi,9.0,izlečiti,0.8633572459220886
izvaditi,10.0,odraditi,0.862942099571228
ugasiti,,,
zaštititi,1.0,zaštiti,0.9787355065345764
zaštititi,2.0,zaštitite,0.9198054075241089
zaštititi,3.0,štititi,0.9109932780265808
zaštititi,4.0,zaštitim,0.9046571850776672
zaštititi,5.0,štiti,0.8933424353599548
zaštititi,6.0,zaštitile,0.8891562819480896
zaštititi,7.0,zaštitio,0.8818729519844055
zaštititi,8.0,zaštitila,0.8806836009025574
zaštititi,9.0,zaštitili,0.874377429485321
zaštititi,10.0,zaštitom,0.8509611487388611
dogoditi,1.0,ugoditi,0.9213295578956604
dogoditi,2.0,pogoditi,0.9199812412261963
dogoditi,3.0,dosuditi,0.8857725262641907
dogoditi,4.0,dogodi,0.8785852193832397
dogoditi,5.0,pobuditi,0.8743607401847839
dogoditi,6.0,suditi,0.8585851788520813
dogoditi,7.0,izvaditi,0.8576499819755554
dogoditi,8.0,voditi,0.8544009923934937
dogoditi,9.0,truditi,0.8538071513175964
dogoditi,10.0,tvrditi,0.8519188761711121
ukloniti,1.0,otkloniti,0.9056068658828735
ukloniti,2.0,ukloni,0.8969382047653198
ukloniti,3.0,skloniti,0.886881947517395
ukloniti,4.0,uklonite,0.8808070421218872
ukloniti,5.0,uklopiti,0.8774603009223938
ukloniti,6.0,uklonile,0.8580517768859863
ukloniti,7.0,uklonimo,0.8577150702476501
ukloniti,8.0,uklonila,0.8571321368217468
ukloniti,9.0,osloniti,0.8453118205070496
ukloniti,10.0,uklonili,0.842176079750061
pridružiti,1.0,pridruži,0.939307451248169
pridružiti,2.0,pridruže,0.9323045015335083
pridružiti,3.0,pridružile,0.9190541505813599
pridružiti,4.0,pridružili,0.9005817770957947
pridružiti,5.0,pridružila,0.8993070125579834
pridružiti,6.0,pridružio,0.893604576587677
pridružiti,7.0,pridruženi,0.8863417506217957
pridružiti,8.0,pridružuju,0.8846318125724792
pridružiti,9.0,pridružujem,0.8843187689781189
pridružiti,10.0,pridružen,0.8808395266532898
zahvaliti,1.0,pohvaliti,0.8940539360046387
zahvaliti,2.0,zahvalim,0.8818488121032715
zahvaliti,3.0,zahvalio,0.8700440526008606
zahvaliti,4.0,zahvali,0.8557457327842712
zahvaliti,5.0,zahvati,0.8554806709289551
zahvaliti,6.0,zahvaljući,0.8326284885406494
zahvaliti,7.0,zahvaljujuci,0.8280513286590576
zahvaliti,8.0,zahvaljujemo,0.8280509114265442
zahvaliti,9.0,zahvate,0.8236166834831238
zahvaliti,10.0,zahvaljuje,0.8224825859069824
uveriti,,,
proveriti,1.0,proveravati,0.9046025276184082
proveriti,2.0,provjeriti,0.8895708322525024
proveriti,3.0,proverite,0.88718581199646
proveriti,4.0,proveri,0.880236029624939
proveriti,5.0,proverimo,0.8770119547843933
proveriti,6.0,proverim,0.8601885437965393
proveriti,7.0,proveravam,0.8599620461463928
proveriti,8.0,proveru,0.8490822911262512
proveriti,9.0,proverila,0.8442288637161255
proveriti,10.0,proverili,0.843947172164917
napominjati,,,
progutati,1.0,proguta,0.8593487739562988
progutati,2.0,smetati,0.8386136293411255
progutati,3.0,izostati,0.8308902382850647
progutati,4.0,koštati,0.8256787061691284
progutati,5.0,propagirati,0.8229479193687439
progutati,6.0,trpati,0.8212655782699585
progutati,7.0,ometati,0.820650041103363
progutati,8.0,procitati,0.814019501209259
progutati,9.0,odstupati,0.811829149723053
progutati,10.0,prozivati,0.8113144636154175
podsticati,1.0,podsticaj,0.9002393484115601
podsticati,2.0,podsticao,0.8934578895568848
podsticati,3.0,isticati,0.8933301568031311
podsticati,4.0,podsticaje,0.8918430805206299
podsticati,5.0,podstiču,0.8842372894287109
podsticati,6.0,podstičući,0.8795113563537598
podsticati,7.0,podsticanju,0.865642249584198
podsticati,8.0,podstiče,0.8647578954696655
podsticati,9.0,podsticanje,0.8626216650009155
podsticati,10.0,podstakne,0.8595726490020752
primati,1.0,primata,0.8400991559028625
primati,2.0,primaju,0.8358513116836548
primati,3.0,imati,0.8352932333946228
primati,4.0,primat,0.8326022624969482
primati,5.0,primaocu,0.8309974074363708
primati,6.0,primiti,0.8274438381195068
primati,7.0,primate,0.8212598562240601
primati,8.0,primatima,0.8202301263809204
primati,9.0,primijetiti,0.8161976337432861
primati,10.0,uzimati,0.8127776384353638
proslaviti,,,
nalaziti,1.0,nalazite,0.8951225876808167
nalaziti,2.0,nalaziš,0.8916869163513184
nalaziti,3.0,nalazimo,0.882365345954895
nalaziti,4.0,nalazeći,0.8628349900245667
nalaziti,5.0,nalazištu,0.8611441254615784
nalaziti,6.0,nalazu,0.8603160977363586
nalaziti,7.0,nalazima,0.8600063920021057
nalaziti,8.0,nalazim,0.8550910353660583
nalaziti,9.0,nalazi,0.8550235629081726
nalaziti,10.0,nalazišta,0.8517367243766785
dolaziti,1.0,dolaziš,0.8881521821022034
dolaziti,2.0,dolazimo,0.8843600749969482
dolaziti,3.0,ulaziti,0.8565028309822083
dolaziti,4.0,dolazim,0.8512207269668579
dolaziti,5.0,dolazi,0.8474423885345459
dolaziti,6.0,dolazeći,0.8434829711914062
dolaziti,7.0,dolazilo,0.8401811718940735
dolaziti,8.0,dolazile,0.831023633480072
dolaziti,9.0,poraziti,0.8275746703147888
dolaziti,10.0,pobuditi,0.8259439468383789
odlaziti,,,
prolaziti,,,
izlaziti,1.0,ulaziti,0.9078616499900818
izlaziti,2.0,izlazima,0.8575491309165955
izlaziti,3.0,izlazi,0.8574503660202026
izlaziti,4.0,rekviziti,0.8409966230392456
izlaziti,5.0,izlečiti,0.8312867879867554
izlaziti,6.0,izlazile,0.8309109210968018
izlaziti,7.0,izlaze,0.8301308751106262
izlaziti,8.0,zapaziti,0.8284408450126648
izlaziti,9.0,izlaz,0.8280657529830933
izlaziti,10.0,izlazu,0.8276668190956116
ulaziti,1.0,izlaziti,0.9078617095947266
ulaziti,2.0,paziti,0.8624941110610962
ulaziti,3.0,dolaziti,0.8565028309822083
ulaziti,4.0,zapaziti,0.8498029708862305
ulaziti,5.0,prelaziti,0.8497551083564758
ulaziti,6.0,ulazimo,0.8441509008407593
ulaziti,7.0,rekviziti,0.8416122794151306
ulaziti,8.0,traziti,0.8388752937316895
ulaziti,9.0,sniziti,0.8365653157234192
ulaziti,10.0,nalaziti,0.8338883519172668
prelaziti,1.0,prelazimo,0.9029789566993713
prelaziti,2.0,prelazeći,0.8916047811508179
prelaziti,3.0,prelazi,0.8870935440063477
prelaziti,4.0,prelazima,0.8834762573242188
prelaziti,5.0,prelazu,0.8791497349739075
prelaziti,6.0,prelaz,0.8648868203163147
prelaziti,7.0,prelaze,0.8645676970481873
prelaziti,8.0,prelazno,0.8562373518943787
prelaziti,9.0,prelaznu,0.8514315485954285
prelaziti,10.0,ulaziti,0.8497549891471863
prilaziti,,,
obradovati,,,
uvrediti,,,
nastojati,1.0,postojati,0.8637434244155884
nastojati,2.0,sastojati,0.863368809223175
nastojati,3.0,nastoje,0.851507306098938
nastojati,4.0,nastojeći,0.8514147400856018
nastojati,5.0,nastoji,0.8480325937271118
nastojati,6.0,posumnjati,0.8464030027389526
nastojati,7.0,nabrojati,0.8348364233970642
nastojati,8.0,nastojali,0.8324320912361145
nastojati,9.0,oslanjati,0.8306931853294373
nastojati,10.0,bežati,0.83053058385849
sastojati,1.0,sastojci,0.8949912786483765
sastojati,2.0,sastojaka,0.8826200366020203
sastojati,3.0,sastojke,0.879243016242981
sastojati,4.0,sastojak,0.864398181438446
sastojati,5.0,nastojati,0.8633688688278198
sastojati,6.0,sastoje,0.8631488680839539
sastojati,7.0,sastojalo,0.8573475480079651
sastojati,8.0,sastojka,0.8542884588241577
sastojati,9.0,sastoji,0.8491231203079224
sastojati,10.0,sastojali,0.8485580086708069
produžiti,1.0,produži,0.9118333458900452
produžiti,2.0,produžeci,0.8894242644309998
produžiti,3.0,produženu,0.8718632459640503
produžiti,4.0,produženi,0.8667567372322083
produžiti,5.0,produžuje,0.8658567070960999
produžiti,6.0,produžila,0.8640255331993103
produžiti,7.0,produžio,0.8635430932044983
produžiti,8.0,produžetka,0.8626636266708374
produžiti,9.0,produžetku,0.8618023991584778
produžiti,10.0,produžava,0.860747754573822
doprinositi,1.0,doprinosiš,0.9054389595985413
doprinositi,2.0,doprinosi,0.8926011919975281
doprinositi,3.0,doprinosim,0.8911035060882568
doprinositi,4.0,doprinosio,0.8892134428024292
doprinositi,5.0,doprinosili,0.8745942711830139
doprinositi,6.0,doprinoseći,0.8721891641616821
doprinositi,7.0,doprinosu,0.8698039650917053
doprinositi,8.0,doprineti,0.8694764375686646
doprinositi,9.0,doprinose,0.8652777075767517
doprinositi,10.0,doprinosima,0.8560135960578918
pretrpeti,,,
prouzrokovati,1.0,uzrokovati,0.9556263089179993
prouzrokovati,2.0,prouzrokovanu,0.9173639416694641
prouzrokovati,3.0,prouzrokovalo,0.9124418497085571
prouzrokovati,4.0,prouzrokovano,0.9117230176925659
prouzrokovati,5.0,prouzrokovan,0.9116383790969849
prouzrokovati,6.0,prouzrokovane,0.9089938998222351
prouzrokovati,7.0,prouzrokovala,0.9060489535331726
prouzrokovati,8.0,prouzrokovao,0.902860164642334
prouzrokovati,9.0,prouzrokovani,0.8960156440734863
prouzrokovati,10.0,prouzrokovana,0.8938112854957581
razmotriti,1.0,razmotri,0.9229651689529419
razmotriti,2.0,razmotrite,0.9104666113853455
razmotriti,3.0,razmotrimo,0.8950366377830505
razmotriti,4.0,razmotre,0.863025963306427
razmotriti,5.0,razmatrati,0.8535828590393066
razmotriti,6.0,razrešiti,0.8506249189376831
razmotriti,7.0,razlučiti,0.8432542085647583
razmotriti,8.0,razmisliti,0.8354649543762207
razmotriti,9.0,odložiti,0.834346354007721
razmotriti,10.0,izostaviti,0.8321775794029236
naslutiti,,,
promrmljati,,,
zatvoriti,1.0,otvoriti,0.904625415802002
zatvoriti,2.0,zatvorite,0.8932695388793945
zatvoriti,3.0,zatvori,0.8863455653190613
zatvoriti,4.0,zatvorimo,0.8804277777671814
zatvoriti,5.0,pretvoriti,0.8582411408424377
zatvoriti,6.0,zatvorenu,0.8484857082366943
zatvoriti,7.0,zatvorio,0.8457909226417542
zatvoriti,8.0,stvoriti,0.8422978520393372
zatvoriti,9.0,zatvore,0.8411951065063477
zatvoriti,10.0,pokoriti,0.8300150036811829
pretvoriti,1.0,pretvori,0.9160494804382324
pretvoriti,2.0,pretvorimo,0.9064136743545532
pretvoriti,3.0,pretvorilo,0.8926234245300293
pretvoriti,4.0,stvoriti,0.8882664442062378
pretvoriti,5.0,pretvore,0.8839268684387207
pretvoriti,6.0,otvoriti,0.8823641538619995
pretvoriti,7.0,pretvorio,0.8790860772132874
pretvoriti,8.0,pretvarati,0.8754853010177612
pretvoriti,9.0,pretvorili,0.8637521266937256
pretvoriti,10.0,pretvorila,0.862889289855957
preporučivati,,,
